INSERT INTO public.centro(
            id, capienza, email, indirizzo, nome, telefono)
    VALUES ('1', '100', 'r3busformazione@gmail.com', 'Terracina, via Roma', 'Scuola di Omeopatia Superiore', '0773708090');
INSERT INTO public.centro(
            id, capienza, email, indirizzo, nome, telefono)
    VALUES ('2', '50', 'r3busformazione@gmail.com', 'Torre Del Greco, Via comizi n. 18', 'ACMA Enterprise Training Center', '0818494938');
INSERT INTO public.centro(
            id, capienza, email, indirizzo, nome, telefono)
    VALUES ('3', '35', 'r3busformazione@gmail.com', 'Roma, Via dei Mamili n. 18', 'Istituto Ada Lovelace', '067808778');
INSERT INTO public.centro(
            id, capienza, email, indirizzo, nome, telefono)
    VALUES ('4', '75', 'r3busformazione@gmail.com', 'Firenze, Borgo Santa Croce 6', 'Scuola di Estetica Naturale', '0553987098');
INSERT INTO public.centro(
            id, capienza, email, indirizzo, nome, telefono)
    VALUES ('5', '40', 'r3busformazione@gmail.com', 'Belluno, Via Flavio Ostilio n. 8', 'Scuola di parrucchieria', '0437942474');
INSERT INTO public.centro(
            id, capienza, email, indirizzo, nome, telefono)
    VALUES ('6', '80', 'r3busformazione@gmail.com', 'Terracina, Ospedale Alfredo Fiorini', 'Formazione Infermieristica', '0773708091');
INSERT INTO public.centro(
            id, capienza, email, indirizzo, nome, telefono)
    VALUES ('7', '90', 'r3busformazione@gmail.com', 'Napoli, via dei Delinquenti', 'Lupin III', '081196745');
INSERT INTO public.centro(
            id, capienza, email, indirizzo, nome, telefono)
    VALUES ('8', '20', 'r3busformazione@gmail.com', 'Roma, via dei Detective', 'Detective Conan', '0637942474');
INSERT INTO public.centro(
            id, capienza, email, indirizzo, nome, telefono)
    VALUES ('9', '100', 'r3busformazione@gmail.com', 'Bau Bau, via dei Gatti Randagi', 'Passione cani', '0123456789');
INSERT INTO public.centro(
            id, capienza, email, indirizzo, nome, telefono)
    VALUES ('10', '40', 'r3busformazione@gmail.com', 'Bolzano, Via Roma n. 8', 'Il magico mondo del postino', '098421545');


insert into attivita(id, nome, orario_inizio, orario_fine, centro_id) 
		values('11','Come creare un antibiotico con acqua e zucchero','2018-07-01 12:00:00','2018-07-01 14:00:00','1');
insert into attivita(id, nome, orario_inizio, orario_fine, centro_id) 
		values('12','Anche l`acqua ricorda','2018-07-01 14:00:00','2018-07-01 16:00:00','1');
insert into attivita(id, nome, orario_inizio, orario_fine, centro_id) 
		values('13','Più è diluito e più funziona','2018-07-01 16:00:00','2018-07-01 18:00:00','1');
insert into attivita(id, nome, orario_inizio, orario_fine, centro_id) 
		values('11','Curare l`otite con l`Omeopatia','2018-07-02 10:00:00','2018-07-02 12:00:00','1');
insert into attivita(id, nome, orario_inizio, orario_fine, centro_id) 
		values('12','Come non fidarsi dei medici veri','2018-07-02 12:00:00','2018-07-02 14:00:00','1');
insert into attivita(id, nome, orario_inizio, orario_fine, centro_id) 
		values('13','Il complotto delle case farmaceutiche','2018-07-02 14:00:00','2018-07-02 16:00:00','1');
insert into attivita(id, nome, orario_inizio, orario_fine, centro_id) 
		values('14','La (non)sperimentazione Omeopatica','2018-07-02 16:00:00','2018-07-02 18:00:00','1');
insert into attivita(id, nome, orario_inizio, orario_fine, centro_id) 
		values('15','Su di me funziona!','2018-07-02 17:00:00','2018-07-02 20:00:00','1');
insert into attivita(id, nome, orario_inizio, orario_fine, centro_id) 
		values('16','Come creare un antibiotico con acqua e zucchero','2018-07-03 08:00:00','2018-07-03 10:00:00','1');
insert into attivita(id, nome, orario_inizio, orario_fine, centro_id) 
		values('17','Anche l`acqua ricorda','2018-07-03 10:00:00','2018-07-03 12:00:00','1');
insert into attivita(id, nome, orario_inizio, orario_fine, centro_id) 
		values('18','Più è diluito e più funziona','2018-07-03 12:00:00','2018-07-03 14:00:00','1');
insert into attivita(id, nome, orario_inizio, orario_fine, centro_id) 
		values('19','Curare l`otite con l`Omeopatia','2018-07-03 14:00:00','2018-07-03 16:00:00','1');
insert into attivita(id, nome, orario_inizio, orario_fine, centro_id) 
		values('20','Vaccini, il male del ventunesimo secolo','2018-07-03 16:00:00','2018-07-03 18:00:00','1');
insert into attivita(id, nome, orario_inizio, orario_fine, centro_id) 
		values('21','Il complotto delle case farmaceutiche','2018-07-03 18:00:00','2018-07-03 20:00:00','1');


insert into attivita(id, nome, orario_inizio, orario_fine, centro_id) 
		values('22','Sopravvivenza e salvataggio','2018-07-01 08:00:00','2018-07-01 10:00:00','2');
insert into attivita(id, nome, orario_inizio, orario_fine, centro_id) 
		values('23','Radar osservatore normale','2018-07-01 10:00:00','2018-07-01 12:00:00','2');
insert into attivita(id, nome, orario_inizio, orario_fine, centro_id) 
		values('24','Radar A.R.P.A','2018-07-01 12:00:00','2018-07-01 14:00:00','2');
insert into attivita(id, nome, orario_inizio, orario_fine, centro_id) 
		values('25','Familiarizzazione petroliere/chimichiere/gasiere','2018-07-01 14:00:00','2018-07-01 16:00:00','2');
insert into attivita(id, nome, orario_inizio, orario_fine, centro_id) 
		values('26','Sicurezza petroliere/chimichiere/gasiere','2018-07-01 16:00:00','2018-07-01 18:00:00','2');
insert into attivita(id, nome, orario_inizio, orario_fine, centro_id) 
		values('27','Crude oil washing (C.O.W.)','2018-07-01 18:00:00','2018-07-01 20:00:00','2');
insert into attivita(id, nome, orario_inizio, orario_fine, centro_id)
		values('28','Ship Security Officer ','2018-07-01 20:00:00','2018-07-01 22:00:00','2');
insert into attivita(id, nome, orario_inizio, orario_fine, centro_id) 
		values('29','Company Security Officer','2018-07-02 08:00:00','2018-07-02 10:00:00','2');
insert into attivita(id, nome, orario_inizio, orario_fine, centro_id) 
		values('30','Port Facility Security Officer','2018-07-02 10:00:00','2018-07-02 12:00:00','2');
insert into attivita(id, nome, orario_inizio, orario_fine, centro_id) 
		values('31','E.C.D.I.S.','2018-07-02 12:00:00','2018-07-02 14:00:00','2');
insert into attivita(id, nome, orario_inizio, orario_fine, centro_id) 
		values('32','Istruttore certificato in Maritime security','2018-07-02 14:00:00','2018-07-02 16:00:00','2');
insert into attivita(id, nome, orario_inizio, orario_fine, centro_id) 
		values('33','Formazione per Formatori','2018-07-02 16:00:00','2018-07-02 18:00:00','2');
insert into attivita(id, nome, orario_inizio, orario_fine, centro_id) 
		values('34','Leadership and Teamwork','2018-07-02 18:00:00','2018-07-02 20:00:00','2');
insert into attivita(id, nome, orario_inizio, orario_fine, centro_id) 
		values('35','Leadership and Teamwork a livello manageriale','2018-07-03 10:00:00','2018-07-03 12:00:00','2');
insert into attivita(id, nome, orario_inizio, orario_fine, centro_id) 
		values('35','Istruzione e addestramento su navi passeggeri','2018-07-03 12:00:00','2018-07-03 14:00:00','2');
insert into attivita(id, nome, orario_inizio, orario_fine, centro_id) 
		values('35','Personale designato compiti di security DUTIES','2018-07-03 16:00:00','2018-07-03 18:00:00','2');
insert into attivita(id, nome, orario_inizio, orario_fine, centro_id) 
		values('35','Personale indottrinamento security AWARNESS','2018-07-03 18:00:00','2018-07-03 20:00:00','2');


insert into attivita(id, nome, orario_inizio, orario_fine, centro_id) 
		values('36','Disegnatore CAD 1','2018-07-03 10:00:00','2018-07-03 12:00:00','3');
insert into attivita(id, nome, orario_inizio, orario_fine, centro_id) 
		values('37','Analista programmatore 1','2018-07-03 12:00:00','2018-07-03 14:00:00','3');
insert into attivita(id, nome, orario_inizio, orario_fine, centro_id) 
		values('38','Progettista web 1','2018-07-03 14:00:00','2018-07-03 16:00:00','3');
insert into attivita(id, nome, orario_inizio, orario_fine, centro_id) 
		values('39','Graphic Designer 1','2018-07-03 16:00:00','2018-07-03 18:00:00','3');
insert into attivita(id, nome, orario_inizio, orario_fine, centro_id) 
		values('40','Sistemisra e amministratore reti 1','2018-07-03 18:00:00','2018-07-03 20:00:00','3');
insert into attivita(id, nome, orario_inizio, orario_fine, centro_id) 
		values('41','Chiudere il case del pc','2018-07-03 20:00:00','2018-07-03 22:00:00','3');
insert into attivita(id, nome, orario_inizio, orario_fine, centro_id) 
		values('42','Accendere un computer','2018-07-04 08:00:00','2018-07-04 10:00:00','3');
insert into attivita(id, nome, orario_inizio, orario_fine, centro_id) 
		values('43','Alla scoperta del blocco note di Windows XP','2018-07-04 10:00:00','2018-07-04 12:00:00','3');
insert into attivita(id, nome, orario_inizio, orario_fine, centro_id) 
		values('44','Corso professionale per disegnatori con MSPaint','2018-07-04 12:00:00','2018-07-04 14:00:00','3');
insert into attivita(id, nome, orario_inizio, orario_fine, centro_id) 
		values('45','Disegnatore CAD 2','2018-07-04 14:00:00','2018-07-04 16:00:00','3');
insert into attivita(id, nome, orario_inizio, orario_fine, centro_id) 
		values('46','Analista programmatore 2','2018-07-04 16:00:00','2018-07-04 18:00:00','3');
insert into attivita(id, nome, orario_inizio, orario_fine, centro_id) 
		values('47','Progettista web 2','2018-07-04 18:00:00','2018-07-04 20:00:00','3');
insert into attivita(id, nome, orario_inizio, orario_fine, centro_id) 
		values('48','Graphic Designer 2','2018-07-04 20:00:00','2018-07-04 22:00:00','3');
insert into attivita(id, nome, orario_inizio, orario_fine, centro_id) 
		values('49','Sistemisra e amministratore reti 2','2018-07-05 08:00:00','2018-07-05 10:00:00','3');
insert into attivita(id, nome, orario_inizio, orario_fine, centro_id) 
		values('50','Disegnatore CAD 3','2018-07-05 10:00:00','2018-07-05 12:00:00','3');
insert into attivita(id, nome, orario_inizio, orario_fine, centro_id) 
		values('51','Analista programmatore 3','2018-07-05 12:00:00','2018-07-05 14:00:00','3');
insert into attivita(id, nome, orario_inizio, orario_fine, centro_id) 
		values('52','Progettista web 3','2018-07-05 14:00:00','2018-07-05 16:00:00','3');
insert into attivita(id, nome, orario_inizio, orario_fine, centro_id) 
		values('53','Graphic Designer 3','2018-07-05 16:00:00','2018-07-05 18:00:00','3');
insert into attivita(id, nome, orario_inizio, orario_fine, centro_id) 
		values('54','Sistemisra e amministratore reti 3','2018-07-05 18:00:00','2018-07-05 20:00:00','3');
insert into attivita(id, nome, orario_inizio, orario_fine, centro_id) 
		values('55','Disegnatore CAD 4','2018-07-05 20:00:00','2018-07-05 23:00:00','3');
insert into attivita(id, nome, orario_inizio, orario_fine, centro_id) 
		values('56','Analista programmatore 4','2018-07-06 08:00:00','2018-07-06 10:00:00','3');
insert into attivita(id, nome, orario_inizio, orario_fine, centro_id) 
		values('57','Progettista web 4','2018-07-06 10:00:00','2018-07-06 12:00:00','3');
insert into attivita(id, nome, orario_inizio, orario_fine, centro_id) 
		values('58','Graphic Designer 4','2018-07-06 12:00:00','2018-07-06 14:00:00','3');
insert into attivita(id, nome, orario_inizio, orario_fine, centro_id) 
		values('59','Sistemisra e amministratore reti 4','2018-07-06 14:00:00','2018-07-06 16:00:00','3');


insert into attivita(id, nome, orario_inizio, orario_fine, centro_id) 
		values('60','Corso di trucco','2018-07-01 08:00:00','2018-07-01 10:00:00','4');
insert into attivita(id, nome, orario_inizio, orario_fine, centro_id) 
		values('61','Massaggio Greco-Romano','2018-07-01 10:00:00','2018-07-01 12:00:00','4');
insert into attivita(id, nome, orario_inizio, orario_fine, centro_id) 
		values('62','Estetista di base','2018-07-01 12:00:00','2018-07-01 14:00:00','4');
insert into attivita(id, nome, orario_inizio, orario_fine, centro_id) 
		values('63','Mettere l`eyeliner','2018-07-01 14:00:00','2018-07-01 16:00:00','4');
insert into attivita(id, nome, orario_inizio, orario_fine, centro_id) 
		values('64','10 modi per mettere l`ombretto','2018-07-01 16:00:00','2018-07-01 18:00:00','4');
insert into attivita(id, nome, orario_inizio, orario_fine, centro_id) 
		values('65','Massaggio con le pietre bollenti','2018-07-01 18:00:00','2018-07-01 20:00:00','4');
insert into attivita(id, nome, orario_inizio, orario_fine, centro_id) 
		values('66','Crema al tartufo per la schiena','2018-07-01 20:00:00','2018-07-01 22:00:00','4');
insert into attivita(id, nome, orario_inizio, orario_fine, centro_id) 
		values('67','Come truccare le bambine piccole','2018-07-02 08:00:00','2018-07-02 10:00:00','4');
insert into attivita(id, nome, orario_inizio, orario_fine, centro_id) 
		values('68','Tatuaggio nell`occhio','2018-07-02 10:00:00','2018-07-02 12:00:00','4');
insert into attivita(id, nome, orario_inizio, orario_fine, centro_id) 
		values('69','Massaggio con le pietre bollenti','2018-07-02 12:00:00','2018-07-02 14:00:00','4');
insert into attivita(id, nome, orario_inizio, orario_fine, centro_id) 
		values('70','Corso di trucco','2018-07-02 14:00:00','2018-07-02 16:00:00','4');
insert into attivita(id, nome, orario_inizio, orario_fine, centro_id) 
		values('71','Massaggio Greco-Romano','2018-07-02 16:00:00','2018-07-02 18:00:00','4');
insert into attivita(id, nome, orario_inizio, orario_fine, centro_id) 
		values('72','Estetista di base','2018-07-02 18:00:00','2018-07-02 20:00:00','4');
insert into attivita(id, nome, orario_inizio, orario_fine, centro_id) 
		values('73','Mettere l`eyeliner','2018-07-02 20:00:00','2018-07-02 22:00:00','4');


insert into attivita(id, nome, orario_inizio, orario_fine, centro_id) 
		values('74','Come impugnare il pettine','2018-07-01 08:00:00','2018-07-01 10:00:00','5');
insert into attivita(id, nome, orario_inizio, orario_fine, centro_id) 
		values('75','Il phon','2018-07-01 10:00:00','2018-07-01 12:00:00','5');
insert into attivita(id, nome, orario_inizio, orario_fine, centro_id) 
		values('76','Conosenza e uso dello shampoo','2018-07-01 12:00:00','2018-07-01 14:00:00','5');
insert into attivita(id, nome, orario_inizio, orario_fine, centro_id) 
		values('77','Massaggio cutaneo','2018-07-01 14:00:00','2018-07-01 16:00:00','5');
insert into attivita(id, nome, orario_inizio, orario_fine, centro_id) 
		values('78','Messa in piega','2018-07-01 16:00:00','2018-07-01 18:00:00','5');
insert into attivita(id, nome, orario_inizio, orario_fine, centro_id) 
		values('79','Permanente','2018-07-01 18:00:00','2018-07-01 20:00:00','5');
insert into attivita(id, nome, orario_inizio, orario_fine, centro_id) 
		values('80','Colore e tricologia','2018-07-01 20:00:00','2018-07-01 22:00:00','5');
insert into attivita(id, nome, orario_inizio, orario_fine, centro_id) 
		values('81','Decolorazione','2018-07-02 08:00:00','2018-07-02 10:00:00','5');
insert into attivita(id, nome, orario_inizio, orario_fine, centro_id) 
		values('82','Taglio e acconciatura','2018-07-02 10:00:00','2018-07-02 12:00:00','5');
insert into attivita(id, nome, orario_inizio, orario_fine, centro_id) 
		values('83','Lingua inglese per acconciatori','2018-07-02 12:00:00','2018-07-02 14:00:00','5');
insert into attivita(id, nome, orario_inizio, orario_fine, centro_id) 
		values('84','Meches','2018-07-02 14:00:00','2018-07-02 16:00:00','5');
insert into attivita(id, nome, orario_inizio, orario_fine, centro_id) 
		values('85','Preparazione, protezione, separazione e applicazione del colore','2018-07-02 16:00:00','2018-07-02 18:00:00','5');
insert into attivita(id, nome, orario_inizio, orario_fine, centro_id) 
		values('86','Chignon','2018-07-02 18:00:00','2018-07-02 20:00:00','5');
insert into attivita(id, nome, orario_inizio, orario_fine, centro_id) 
		values('87','Ricci fissi','2018-07-02 20:00:00','2018-07-02 22:00:00','5');
insert into attivita(id, nome, orario_inizio, orario_fine, centro_id) 
		values('88','Colpi di sole con pettine e con cuffia','2018-07-03 10:00:00','2018-07-03 12:00:00','5');
insert into attivita(id, nome, orario_inizio, orario_fine, centro_id) 
		values('89','Acconciature da sposa, da giorno e da sera','2018-07-03 12:00:00','2018-07-03 14:00:00','5');
insert into attivita(id, nome, orario_inizio, orario_fine, centro_id) 
		values('90','Nozioni di chimica, cosmetologia, igiene','2018-07-03 14:00:00','2018-07-03 16:00:00','5');
insert into attivita(id, nome, orario_inizio, orario_fine, centro_id) 
		values('91','Riflessanti temporanei di sintesi o vegetali','2018-07-03 16:00:00','2018-07-03 18:00:00','5');
insert into attivita(id, nome, orario_inizio, orario_fine, centro_id) 
		values('92','Applicazione del colore di copertura','2018-07-03 18:00:00','2018-07-03 20:00:00','5');
insert into attivita(id, nome, orario_inizio, orario_fine, centro_id) 
		values('93','Taglio forma piena, graduata, uniforme','2018-07-03 20:00:00','2018-07-03 22:00:00','5');


insert into attivita(id, nome, orario_inizio, orario_fine, centro_id) 
		values('94','Prelievo del sangue','2018-07-01 08:00:00','2018-07-01 10:00:00','6');
insert into attivita(id, nome, orario_inizio, orario_fine, centro_id) 
		values('95','AIDS','2018-07-01 10:00:00','2018-07-01 12:00:00','6');
insert into attivita(id, nome, orario_inizio, orario_fine, centro_id) 
		values('96','Come mettere le bende','2018-07-01 12:00:00','2018-07-01 14:00:00','6');
insert into attivita(id, nome, orario_inizio, orario_fine, centro_id) 
		values('97','Spalmare la crema','2018-07-01 14:00:00','2018-07-01 16:00:00','6');
insert into attivita(id, nome, orario_inizio, orario_fine, centro_id) 
		values('98','Fare le punture senza dolore','2018-07-01 16:00:00','2018-07-01 18:00:00','6');
insert into attivita(id, nome, orario_inizio, orario_fine, centro_id) 
		values('99','Mettere al letto un paziente','2018-07-01 18:00:00','2018-07-01 20:00:00','6');
insert into attivita(id, nome, orario_inizio, orario_fine, centro_id) 
		values('100','Cambiare le lenzuola','2018-07-01 20:00:00','2018-07-01 22:00:00','6');
insert into attivita(id, nome, orario_inizio, orario_fine, centro_id) 
		values('101','Igiene del corpo del malato','2018-07-02 08:00:00','2018-07-02 10:00:00','6');
insert into attivita(id, nome, orario_inizio, orario_fine, centro_id) 
		values('102','Colesterolo e trigliceridi','2018-07-02 10:00:00','2018-07-02 12:00:00','6');
insert into attivita(id, nome, orario_inizio, orario_fine, centro_id) 
		values('103','Glicemia: concentrazione di glucosio nel sangue','2018-07-02 12:00:00','2018-07-02 14:00:00','6');
insert into attivita(id, nome, orario_inizio, orario_fine, centro_id) 
		values('104','Olio di palma nelle flebo','2018-07-02 14:00:00','2018-07-02 16:00:00','6');
insert into attivita(id, nome, orario_inizio, orario_fine, centro_id) 
		values('105','I benefici dell`omeopatia','2018-07-02 16:00:00','2018-07-02 18:00:00','6');
insert into attivita(id, nome, orario_inizio, orario_fine, centro_id) 
		values('106','Dormire in sala operatoria','2018-07-02 18:00:00','2018-07-02 20:00:00','6');
insert into attivita(id, nome, orario_inizio, orario_fine, centro_id) 
		values('107','Cucire una ferita senza cucitrice','2018-07-02 20:00:00','2018-07-02 22:00:00','6');
insert into attivita(id, nome, orario_inizio, orario_fine, centro_id) 
		values('108','Girare il paziente nel letto','2018-07-03 10:00:00','2018-07-03 12:00:00','6');
insert into attivita(id, nome, orario_inizio, orario_fine, centro_id) 
		values('109','Lavaggio del paziente','2018-07-03 12:00:00','2018-07-03 14:00:00','6');
insert into attivita(id, nome, orario_inizio, orario_fine, centro_id) 
		values('110','Esami della coagulazione','2018-07-03 14:00:00','2018-07-03 16:00:00','6');
insert into attivita(id, nome, orario_inizio, orario_fine, centro_id) 
		values('111','Dormire in sala ambulatoria di notte','2018-07-03 16:00:00','2018-07-03 18:00:00','6');
insert into attivita(id, nome, orario_inizio, orario_fine, centro_id) 
		values('112','Libera professione di un infermiere','2018-07-03 18:00:00','2018-07-03 20:00:00','6');
insert into attivita(id, nome, orario_inizio, orario_fine, centro_id) 
		values('113','Vaccini, il male del ventunesimo secolo','2018-07-03 20:00:00','2018-07-03 22:00:00','6');


insert into attivita(id, nome, orario_inizio, orario_fine, centro_id) 
		values('114','Scippare una borsa','2018-07-01 08:00:00','2018-07-01 10:00:00','7');
insert into attivita(id, nome, orario_inizio, orario_fine, centro_id) 
		values('115','Scippare in metro','2018-07-01 10:00:00','2018-07-01 12:00:00','7');
insert into attivita(id, nome, orario_inizio, orario_fine, centro_id) 
		values('116','Forzare le serrature','2018-07-01 12:00:00','2018-07-01 14:00:00','7');
insert into attivita(id, nome, orario_inizio, orario_fine, centro_id) 
		values('117','Restituire il portafogli vuoto al proprietario derubato','2018-07-01 14:00:00','2018-07-01 16:00:00','7');
insert into attivita(id, nome, orario_inizio, orario_fine, centro_id) 
		values('118','Addormentare il prossimo','2018-07-01 16:00:00','2018-07-01 18:00:00','7');
insert into attivita(id, nome, orario_inizio, orario_fine, centro_id) 
		values('119','Ipnosi','2018-07-01 18:00:00','2018-07-01 20:00:00','7');
insert into attivita(id, nome, orario_inizio, orario_fine, centro_id) 
		values('120','Farsi voler bene dagli anziani','2018-07-01 20:00:00','2018-07-01 22:00:00','7');
insert into attivita(id, nome, orario_inizio, orario_fine, centro_id) 
		values('121','Fingersi idraulico','2018-07-02 08:00:00','2018-07-02 10:00:00','7');
insert into attivita(id, nome, orario_inizio, orario_fine, centro_id) 
		values('122','Findesi elettricista','2018-07-02 10:00:00','2018-07-02 12:00:00','7');
insert into attivita(id, nome, orario_inizio, orario_fine, centro_id) 
		values('123','Proporre un contratto con prezzo più basso','2018-07-02 12:00:00','2018-07-02 14:00:00','7');
insert into attivita(id, nome, orario_inizio, orario_fine, centro_id) 
		values('124','Derubare una banca','2018-07-02 14:00:00','2018-07-02 16:00:00','7');
insert into attivita(id, nome, orario_inizio, orario_fine, centro_id) 
		values('125','Chiudersi in una banca e stampare soldi','2018-07-02 16:00:00','2018-07-02 18:00:00','7');
insert into attivita(id, nome, orario_inizio, orario_fine, centro_id) 
		values('126','Prenotare un viaggio lontano da casa','2018-07-02 18:00:00','2018-07-02 20:00:00','7');
insert into attivita(id, nome, orario_inizio, orario_fine, centro_id) 
		values('127','Tiro al piattello','2018-07-02 20:00:00','2018-07-02 22:00:00','7');
insert into attivita(id, nome, orario_inizio, orario_fine, centro_id) 
		values('128','Proteggersi da spray al peperoncino','2018-07-03 10:00:00','2018-07-03 12:00:00','7');



insert into attivita(id, nome, orario_inizio, orario_fine, centro_id) 
		values('129','Sorprendere un ladro a scipare una borsa','2018-07-01 08:00:00','2018-07-01 10:00:00','8');
insert into attivita(id, nome, orario_inizio, orario_fine, centro_id) 
		values('130','Sorprendere un ladro a scippare in metro','2018-07-01 10:00:00','2018-07-01 12:00:00','8');
insert into attivita(id, nome, orario_inizio, orario_fine, centro_id) 
		values('131','Rinforzare le serrature','2018-07-01 12:00:00','2018-07-01 14:00:00','8');
insert into attivita(id, nome, orario_inizio, orario_fine, centro_id) 
		values('132','Usare la lente di ingrandimento','2018-07-01 14:00:00','2018-07-01 16:00:00','8');
insert into attivita(id, nome, orario_inizio, orario_fine, centro_id) 
		values('133','Indossare il cappello da detective','2018-07-01 16:00:00','2018-07-01 18:00:00','8');
insert into attivita(id, nome, orario_inizio, orario_fine, centro_id) 
		values('134','Leggere tanti libri','2018-07-01 18:00:00','2018-07-01 20:00:00','8');
insert into attivita(id, nome, orario_inizio, orario_fine, centro_id) 
		values('135','Scoprire un ladro','2018-07-01 20:00:00','2018-07-01 22:00:00','8');
insert into attivita(id, nome, orario_inizio, orario_fine, centro_id) 
		values('136','Scoprire un falso idraulico','2018-07-02 08:00:00','2018-07-02 10:00:00','8');
insert into attivita(id, nome, orario_inizio, orario_fine, centro_id) 
		values('137','Scoprire un falso elettricista','2018-07-02 10:00:00','2018-07-02 12:00:00','8');
insert into attivita(id, nome, orario_inizio, orario_fine, centro_id) 
		values('138','Analisi delle impronte digitali','2018-07-02 12:00:00','2018-07-02 14:00:00','8');
insert into attivita(id, nome, orario_inizio, orario_fine, centro_id) 
		values('139','Il tacquino del detective','2018-07-02 14:00:00','2018-07-02 16:00:00','8');
insert into attivita(id, nome, orario_inizio, orario_fine, centro_id) 
		values('140','L`attenzione ai dettagli','2018-07-02 16:00:00','2018-07-02 18:00:00','8');
insert into attivita(id, nome, orario_inizio, orario_fine, centro_id) 
		values('141','Ammanettare un ladro','2018-07-02 18:00:00','2018-07-02 20:00:00','8');
insert into attivita(id, nome, orario_inizio, orario_fine, centro_id) 
		values('142','Effettuare un`accusa','2018-07-02 20:00:00','2018-07-02 22:00:00','8');
insert into attivita(id, nome, orario_inizio, orario_fine, centro_id) 
		values('143','Vincere a Cluedo','2018-07-03 10:00:00','2018-07-03 12:00:00','8');




insert into attivita(id, nome, orario_inizio, orario_fine, centro_id) 
		values('144','Il pelo e la sua struttura','2018-07-01 08:00:00','2018-07-01 10:00:00','9');
insert into attivita(id, nome, orario_inizio, orario_fine, centro_id) 
		values('145','La differenza dei peli','2018-07-01 10:00:00','2018-07-01 12:00:00','9');
insert into attivita(id, nome, orario_inizio, orario_fine, centro_id) 
		values('146','Approccio con il cane','2018-07-01 12:00:00','2018-07-01 14:00:00','9');
insert into attivita(id, nome, orario_inizio, orario_fine, centro_id) 
		values('147','Pulizie igieniche','2018-07-01 14:00:00','2018-07-01 16:00:00','9');
insert into attivita(id, nome, orario_inizio, orario_fine, centro_id) 
		values('148','Bagno,asciugatura e spazzolatura dei vari tipi di pelo','2018-07-01 16:00:00','2018-07-01 18:00:00','9');
insert into attivita(id, nome, orario_inizio, orario_fine, centro_id) 
		values('149','Nodi e feltri','2018-07-01 18:00:00','2018-07-01 20:00:00','9');
insert into attivita(id, nome, orario_inizio, orario_fine, centro_id) 
		values('150','Gli strumenti di lavoro','2018-07-01 20:00:00','2018-07-01 22:00:00','9');
insert into attivita(id, nome, orario_inizio, orario_fine, centro_id) 
		values('151','Accorciare il pelo riccio','2018-07-02 08:00:00','2018-07-02 10:00:00','9');
insert into attivita(id, nome, orario_inizio, orario_fine, centro_id) 
		values('152','Accorciare il pelo liscio','2018-07-02 10:00:00','2018-07-02 12:00:00','9');
insert into attivita(id, nome, orario_inizio, orario_fine, centro_id) 
		values('153','Stripping, cos’è e come si fa?','2018-07-02 12:00:00','2018-07-02 14:00:00','9');
insert into attivita(id, nome, orario_inizio, orario_fine, centro_id) 
		values('154','Spaniel toelettatura','2018-07-02 14:00:00','2018-07-02 16:00:00','9');
insert into attivita(id, nome, orario_inizio, orario_fine, centro_id) 
		values('155','La differenza dei peli','2018-07-02 16:00:00','2018-07-02 18:00:00','9');
insert into attivita(id, nome, orario_inizio, orario_fine, centro_id) 
		values('156','Bagno,asciugatura e spazzolatura dei vari tipi di pelo','2018-07-02 18:00:00','2018-07-02 20:00:00','9');
insert into attivita(id, nome, orario_inizio, orario_fine, centro_id) 
		values('157','L`umore di un cane','2018-07-02 20:00:00','2018-07-02 22:00:00','9');
insert into attivita(id, nome, orario_inizio, orario_fine, centro_id) 
		values('158','Accarezzare un cane','2018-07-03 10:00:00','2018-07-03 12:00:00','9');



insert into attivita(id, nome, orario_inizio, orario_fine, centro_id) 
		values('159','Andare in bicicletta','2018-07-01 08:00:00','2018-07-01 10:00:00','10');
insert into attivita(id, nome, orario_inizio, orario_fine, centro_id) 
		values('160','Portare il motorino carico di lettere','2018-07-01 10:00:00','2018-07-01 12:00:00','10');
insert into attivita(id, nome, orario_inizio, orario_fine, centro_id) 
		values('161','Trovare l`indirizzo','2018-07-01 12:00:00','2018-07-01 14:00:00','10');
insert into attivita(id, nome, orario_inizio, orario_fine, centro_id) 
		values('162','Non farsi mordere dal cane','2018-07-01 14:00:00','2018-07-01 16:00:00','10');
insert into attivita(id, nome, orario_inizio, orario_fine, centro_id) 
		values('163','Tipi di lettere','2018-07-01 16:00:00','2018-07-01 18:00:00','10');
insert into attivita(id, nome, orario_inizio, orario_fine, centro_id) 
		values('164','Posta raccomandata','2018-07-01 18:00:00','2018-07-01 20:00:00','10');
insert into attivita(id, nome, orario_inizio, orario_fine, centro_id) 
		values('165','Posta prioritaria','2018-07-01 20:00:00','2018-07-01 22:00:00','10');
insert into attivita(id, nome, orario_inizio, orario_fine, centro_id) 
		values('166','Consegna di un pacco','2018-07-02 08:00:00','2018-07-02 10:00:00','10');
insert into attivita(id, nome, orario_inizio, orario_fine, centro_id) 
		values('167','Assicurazioni su un pacco','2018-07-02 10:00:00','2018-07-02 12:00:00','10');
insert into attivita(id, nome, orario_inizio, orario_fine, centro_id) 
		values('168','Andare in bicicletta','2018-07-02 12:00:00','2018-07-02 14:00:00','10');
insert into attivita(id, nome, orario_inizio, orario_fine, centro_id) 
		values('169','Posta raccomandata','2018-07-02 14:00:00','2018-07-02 16:00:00','10');
insert into attivita(id, nome, orario_inizio, orario_fine, centro_id) 
		values('170','Posta prioritaria','2018-07-02 16:00:00','2018-07-02 18:00:00','10');
insert into attivita(id, nome, orario_inizio, orario_fine, centro_id) 
		values('171','Croccantini per cani','2018-07-02 18:00:00','2018-07-02 20:00:00','10');
insert into attivita(id, nome, orario_inizio, orario_fine, centro_id) 
		values('172','L`umore di un cane','2018-07-02 20:00:00','2018-07-02 22:00:00','10');
insert into attivita(id, nome, orario_inizio, orario_fine, centro_id) 
		values('173','Accarezzare un cane','2018-07-03 10:00:00','2018-07-03 12:00:00','10');




insert into allievo(id, codice_fiscale, nome, cognome, email, luogo_nascita, data_nascita, telefono) 
	values('174', 'AAAAAAAAAAAAA', 'Giuseppe','Musso','super.mario@nintendo.com','Roma','1981-08-03','0101010101');
insert into allievo(id, codice_fiscale, nome, cognome, email, luogo_nascita, data_nascita, telefono) 
	values('175', 'BBBBBBBBBBBBB', 'Maria','Cerrato','super.mario@nintendo.com','Napoli','1981-08-03','0101010101');
insert into allievo(id, codice_fiscale, nome, cognome, email, luogo_nascita, data_nascita, telefono) 
	values('176', 'CCCCCCCCCCCCC', 'Andrea','Ferrero','super.mario@nintendo.com','Milano','1981-08-03','0101010101');
insert into allievo(id, codice_fiscale, nome, cognome, email, luogo_nascita, data_nascita, telefono) 
	values('177', 'DDDDDDDDDDDDD', 'Marco','Musso','super.mario@nintendo.com','Napoli','1981-08-03','0101010101');
insert into allievo(id, codice_fiscale, nome, cognome, email, luogo_nascita, data_nascita, telefono) 
	values('178', 'EEEEEEEEEEEEE', 'Alessandro','Bianco','super.mario@nintendo.com','Catania','1981-08-03','0101010101');
insert into allievo(id, codice_fiscale, nome, cognome, email, luogo_nascita, data_nascita, telefono) 
	values('179', 'FFFFFFFFFFFFF', 'Giuseppe','Rossi','super.mario@nintendo.com','Gaeta','1981-08-03','0101010101');
insert into allievo(id, codice_fiscale, nome, cognome, email, luogo_nascita, data_nascita, telefono) 
	values('181', 'GGGGGGGGGGGGG', 'Francesca','Conti','super.mario@nintendo.com','Frosinone','1981-08-03','0101010101');
insert into allievo(id, codice_fiscale, nome, cognome, email, luogo_nascita, data_nascita, telefono) 
	values('182', 'HHHHHHHHHHHHH', 'Giulia','Ravioli','super.mario@nintendo.com','Anzio','1981-08-03','0101010101');
insert into allievo(id, codice_fiscale, nome, cognome, email, luogo_nascita, data_nascita, telefono) 
	values('183', 'IIIIIIIIIIIII', 'Luigi','Gamba','super.mario@nintendo.com','Nettuno','1981-08-03','0101010101');
insert into allievo(id, codice_fiscale, nome, cognome, email, luogo_nascita, data_nascita, telefono) 
	values('184', 'JJJJJJJJJJJJJ', 'Lorenzo','Franco','super.mario@nintendo.com','Ancona','1981-08-03','0101010101');
insert into allievo(id, codice_fiscale, nome, cognome, email, luogo_nascita, data_nascita, telefono) 
	values('185', 'KKKKKKKKKKKKK', 'Elena','Musso','super.mario@nintendo.com','Savona','1981-08-03','0101010101');
insert into allievo(id, codice_fiscale, nome, cognome, email, luogo_nascita, data_nascita, telefono) 
	values('186', 'LLLLLLLLLLLLL', 'Paolo','Amerio','super.mario@nintendo.com','Milano','1981-08-03','0101010101');
insert into allievo(id, codice_fiscale, nome, cognome, email, luogo_nascita, data_nascita, telefono) 
	values('187', 'MMMMMMMMMMMMM', 'Giorgio','Rissone','super.mario@nintendo.com','Torino','1981-08-03','0101010101');
insert into allievo(id, codice_fiscale, nome, cognome, email, luogo_nascita, data_nascita, telefono) 
	values('188', 'NNNNNNNNNNNNN', 'Igor','Miti','super.mario@nintendo.com','Frosinone','1981-08-03','0101010101');
insert into allievo(id, codice_fiscale, nome, cognome, email, luogo_nascita, data_nascita, telefono) 
	values('189', 'OOOOOOOOOOOOO', 'Bianca','Farina','super.mario@nintendo.com','Firenze','1981-08-03','0101010101');
insert into allievo(id, codice_fiscale, nome, cognome, email, luogo_nascita, data_nascita, telefono) 
	values('190', 'PPPPPPPPPPPPP', 'Dina','Lampa','super.mario@nintendo.com','Viterbo','1981-08-03','0101010101');
insert into allievo(id, codice_fiscale, nome, cognome, email, luogo_nascita, data_nascita, telefono) 
	values('191', 'QQQQQQQQQQQQQ', 'Dario','Lampa','super.mario@nintendo.com','Gallipoli','1981-08-03','0101010101');
insert into allievo(id, codice_fiscale, nome, cognome, email, luogo_nascita, data_nascita, telefono) 
	values('192', 'RRRRRRRRRRRRR', 'Margherita','Pizza','super.mario@nintendo.com','Napoli','1981-08-03','0101010101');
insert into allievo(id, codice_fiscale, nome, cognome, email, luogo_nascita, data_nascita, telefono) 
	values('193', 'SSSSSSSSSSSSS', 'Smeralda','Costa','super.mario@nintendo.com','Cagliari','1981-08-03','0101010101');
insert into allievo(id, codice_fiscale, nome, cognome, email, luogo_nascita, data_nascita, telefono) 
	values('194', 'TTTTTTTTTTTTT', 'Felice','Nano','super.mario@nintendo.com','Terracina','1981-08-03','0101010101');
insert into allievo(id, codice_fiscale, nome, cognome, email, luogo_nascita, data_nascita, telefono) 
	values('195', 'WWWWWWWWWWWWW', 'Felice','Russo','super.mario@nintendo.com','Anzio','1981-08-03','0101010101');
insert into allievo(id, codice_fiscale, nome, cognome, email, luogo_nascita, data_nascita, telefono) 
	values('196', 'YYYYYYYYYYYYY', 'Felice','Mangione','super.mario@nintendo.com','Roma','1981-08-03','0101010101');
insert into allievo(id, codice_fiscale, nome, cognome, email, luogo_nascita, data_nascita, telefono) 
	values('197', 'ZZZZZZZZZZZZZ', 'Emiliana','Lasagna','super.mario@nintendo.com','Napoli','1981-08-03','0101010101');
insert into allievo(id, codice_fiscale, nome, cognome, email, luogo_nascita, data_nascita, telefono) 
	values('198', 'AAAAAAAAA1000', 'Gustavo','La Pasta','super.mario@nintendo.com','Caserta','1981-08-03','0101010101');
insert into allievo(id, codice_fiscale, nome, cognome, email, luogo_nascita, data_nascita, telefono) 
	values('199', 'BBBBBBBBB1000', 'Rosa','Foglio','super.mario@nintendo.com','Cavi di Lavagna','1981-08-03','0101010101');
insert into allievo(id, codice_fiscale, nome, cognome, email, luogo_nascita, data_nascita, telefono) 
	values('200', 'CCCCCCCCC1000', 'Azzurra','La scala','super.mario@nintendo.com','Grosseto','1981-08-03','0101010101');
insert into allievo(id, codice_fiscale, nome, cognome, email, luogo_nascita, data_nascita, telefono) 
	values('201', 'DDDDDDDDD1000', 'Santa','Pazienza','super.mario@nintendo.com','Marilleva','1981-08-03','0101010101');
insert into allievo(id, codice_fiscale, nome, cognome, email, luogo_nascita, data_nascita, telefono) 
	values('202', 'EEEEEEEEE1000', 'Bianco','Del Monte','super.mario@nintendo.com','L`Aquila','1981-08-03','0101010101');
insert into allievo(id, codice_fiscale, nome, cognome, email, luogo_nascita, data_nascita, telefono) 
	values('203', 'FFFFFFFFF1000', 'Rosa','Monte','super.mario@nintendo.com','Salò','1981-08-03','0101010101');
insert into allievo(id, codice_fiscale, nome, cognome, email, luogo_nascita, data_nascita, telefono) 
	values('204', 'GGGGGGGGG1000', 'Tranquilla','Piscia','super.mario@nintendo.com','Grosso','1981-08-03','0101010101');
insert into allievo(id, codice_fiscale, nome, cognome, email, luogo_nascita, data_nascita, telefono) 
	values('205', 'HHHHHHHHH1000', 'Guido','La barca','super.mario@nintendo.com','Bianchi','1981-08-03','0101010101');
insert into allievo(id, codice_fiscale, nome, cognome, email, luogo_nascita, data_nascita, telefono) 
	values('206', 'IIIIIIIII1000', 'Bambina','Gobba','super.mario@nintendo.com','Biella','1981-08-03','0101010101');
insert into allievo(id, codice_fiscale, nome, cognome, email, luogo_nascita, data_nascita, telefono) 
	values('207', 'BBBBBBBBB100J', 'Rosa','Spinosa','super.mario@nintendo.com','Bologna','1981-08-03','0101010101');
insert into allievo(id, codice_fiscale, nome, cognome, email, luogo_nascita, data_nascita, telefono) 
	values('208', 'BBBBBBBBB100A', 'Marino','Spargisale','super.mario@nintendo.com','Bolzano','1981-08-03','0101010101');
insert into allievo(id, codice_fiscale, nome, cognome, email, luogo_nascita, data_nascita, telefono) 
	values('209', 'BBBBBBBBB100B', 'Rosa','La fata','super.mario@nintendo.com','Pistoia','1981-08-03','0101010101');
insert into allievo(id, codice_fiscale, nome, cognome, email, luogo_nascita, data_nascita, telefono) 
	values('210', 'BBBBBBBBB1009', 'Franco','Forte','super.mario@nintendo.com','Brescia','1981-08-03','0101010101');
insert into allievo(id, codice_fiscale, nome, cognome, email, luogo_nascita, data_nascita, telefono) 
	values('211', 'BBBBBBBBB1010', 'Vera','Pagnotta','super.mario@nintendo.com','Bergamo','1981-08-03','0101010101');


insert into allievo_attivita_prenotate(attivita_prenotate_id,allievi_prenotati_id) values('143','200');
insert into allievo_attivita_prenotate(attivita_prenotate_id,allievi_prenotati_id) values('98','183');
insert into allievo_attivita_prenotate(attivita_prenotate_id,allievi_prenotati_id) values('92','190');
insert into allievo_attivita_prenotate(attivita_prenotate_id,allievi_prenotati_id) values('30','208');
insert into allievo_attivita_prenotate(attivita_prenotate_id,allievi_prenotati_id) values('46','183');
insert into allievo_attivita_prenotate(attivita_prenotate_id,allievi_prenotati_id) values('27','206');
insert into allievo_attivita_prenotate(attivita_prenotate_id,allievi_prenotati_id) values('89','190');
insert into allievo_attivita_prenotate(attivita_prenotate_id,allievi_prenotati_id) values('150','187');
insert into allievo_attivita_prenotate(attivita_prenotate_id,allievi_prenotati_id) values('144','198');
insert into allievo_attivita_prenotate(attivita_prenotate_id,allievi_prenotati_id) values('30','209');
insert into allievo_attivita_prenotate(attivita_prenotate_id,allievi_prenotati_id) values('81','185');
insert into allievo_attivita_prenotate(attivita_prenotate_id,allievi_prenotati_id) values('155','203');
insert into allievo_attivita_prenotate(attivita_prenotate_id,allievi_prenotati_id) values('18','193');
insert into allievo_attivita_prenotate(attivita_prenotate_id,allievi_prenotati_id) values('20','209');
insert into allievo_attivita_prenotate(attivita_prenotate_id,allievi_prenotati_id) values('111','202');
insert into allievo_attivita_prenotate(attivita_prenotate_id,allievi_prenotati_id) values('172','194');
insert into allievo_attivita_prenotate(attivita_prenotate_id,allievi_prenotati_id) values('24','174');
insert into allievo_attivita_prenotate(attivita_prenotate_id,allievi_prenotati_id) values('58','175');
insert into allievo_attivita_prenotate(attivita_prenotate_id,allievi_prenotati_id) values('23','208');
insert into allievo_attivita_prenotate(attivita_prenotate_id,allievi_prenotati_id) values('84','190');
insert into allievo_attivita_prenotate(attivita_prenotate_id,allievi_prenotati_id) values('160','199');
insert into allievo_attivita_prenotate(attivita_prenotate_id,allievi_prenotati_id) values('154','201');
insert into allievo_attivita_prenotate(attivita_prenotate_id,allievi_prenotati_id) values('116','196');
insert into allievo_attivita_prenotate(attivita_prenotate_id,allievi_prenotati_id) values('11','182');
insert into allievo_attivita_prenotate(attivita_prenotate_id,allievi_prenotati_id) values('91','210');
insert into allievo_attivita_prenotate(attivita_prenotate_id,allievi_prenotati_id) values('55','195');
insert into allievo_attivita_prenotate(attivita_prenotate_id,allievi_prenotati_id) values('73','197');
insert into allievo_attivita_prenotate(attivita_prenotate_id,allievi_prenotati_id) values('77','197');
insert into allievo_attivita_prenotate(attivita_prenotate_id,allievi_prenotati_id) values('32','195');
insert into allievo_attivita_prenotate(attivita_prenotate_id,allievi_prenotati_id) values('144','194');
insert into allievo_attivita_prenotate(attivita_prenotate_id,allievi_prenotati_id) values('121','198');
insert into allievo_attivita_prenotate(attivita_prenotate_id,allievi_prenotati_id) values('172','198');
insert into allievo_attivita_prenotate(attivita_prenotate_id,allievi_prenotati_id) values('166','211');
insert into allievo_attivita_prenotate(attivita_prenotate_id,allievi_prenotati_id) values('171','176');
insert into allievo_attivita_prenotate(attivita_prenotate_id,allievi_prenotati_id) values('49','206');
insert into allievo_attivita_prenotate(attivita_prenotate_id,allievi_prenotati_id) values('63','197');
insert into allievo_attivita_prenotate(attivita_prenotate_id,allievi_prenotati_id) values('71','183');
insert into allievo_attivita_prenotate(attivita_prenotate_id,allievi_prenotati_id) values('55','201');
insert into allievo_attivita_prenotate(attivita_prenotate_id,allievi_prenotati_id) values('13','186');
insert into allievo_attivita_prenotate(attivita_prenotate_id,allievi_prenotati_id) values('151','204');
insert into allievo_attivita_prenotate(attivita_prenotate_id,allievi_prenotati_id) values('18','203');
insert into allievo_attivita_prenotate(attivita_prenotate_id,allievi_prenotati_id) values('47','198');
insert into allievo_attivita_prenotate(attivita_prenotate_id,allievi_prenotati_id) values('98','198');
insert into allievo_attivita_prenotate(attivita_prenotate_id,allievi_prenotati_id) values('19','179');
insert into allievo_attivita_prenotate(attivita_prenotate_id,allievi_prenotati_id) values('29','201');
insert into allievo_attivita_prenotate(attivita_prenotate_id,allievi_prenotati_id) values('11','195');
insert into allievo_attivita_prenotate(attivita_prenotate_id,allievi_prenotati_id) values('94','183');
insert into allievo_attivita_prenotate(attivita_prenotate_id,allievi_prenotati_id) values('83','189');
insert into allievo_attivita_prenotate(attivita_prenotate_id,allievi_prenotati_id) values('172','181');
insert into allievo_attivita_prenotate(attivita_prenotate_id,allievi_prenotati_id) values('14','189');
insert into allievo_attivita_prenotate(attivita_prenotate_id,allievi_prenotati_id) values('18','190');
insert into allievo_attivita_prenotate(attivita_prenotate_id,allievi_prenotati_id) values('114','211');
insert into allievo_attivita_prenotate(attivita_prenotate_id,allievi_prenotati_id) values('131','174');
insert into allievo_attivita_prenotate(attivita_prenotate_id,allievi_prenotati_id) values('124','185');
insert into allievo_attivita_prenotate(attivita_prenotate_id,allievi_prenotati_id) values('83','211');
insert into allievo_attivita_prenotate(attivita_prenotate_id,allievi_prenotati_id) values('153','198');
insert into allievo_attivita_prenotate(attivita_prenotate_id,allievi_prenotati_id) values('58','190');
insert into allievo_attivita_prenotate(attivita_prenotate_id,allievi_prenotati_id) values('81','200');
insert into allievo_attivita_prenotate(attivita_prenotate_id,allievi_prenotati_id) values('58','188');
insert into allievo_attivita_prenotate(attivita_prenotate_id,allievi_prenotati_id) values('92','189');
insert into allievo_attivita_prenotate(attivita_prenotate_id,allievi_prenotati_id) values('62','178');
insert into allievo_attivita_prenotate(attivita_prenotate_id,allievi_prenotati_id) values('125','174');
insert into allievo_attivita_prenotate(attivita_prenotate_id,allievi_prenotati_id) values('15','182');
insert into allievo_attivita_prenotate(attivita_prenotate_id,allievi_prenotati_id) values('103','196');
insert into allievo_attivita_prenotate(attivita_prenotate_id,allievi_prenotati_id) values('39','208');
insert into allievo_attivita_prenotate(attivita_prenotate_id,allievi_prenotati_id) values('129','180');
insert into allievo_attivita_prenotate(attivita_prenotate_id,allievi_prenotati_id) values('128','207');
insert into allievo_attivita_prenotate(attivita_prenotate_id,allievi_prenotati_id) values('84','194');
insert into allievo_attivita_prenotate(attivita_prenotate_id,allievi_prenotati_id) values('54','199');
insert into allievo_attivita_prenotate(attivita_prenotate_id,allievi_prenotati_id) values('151','189');
insert into allievo_attivita_prenotate(attivita_prenotate_id,allievi_prenotati_id) values('15','210');
insert into allievo_attivita_prenotate(attivita_prenotate_id,allievi_prenotati_id) values('153','192');
insert into allievo_attivita_prenotate(attivita_prenotate_id,allievi_prenotati_id) values('127','196');
insert into allievo_attivita_prenotate(attivita_prenotate_id,allievi_prenotati_id) values('74','188');
insert into allievo_attivita_prenotate(attivita_prenotate_id,allievi_prenotati_id) values('132','200');
insert into allievo_attivita_prenotate(attivita_prenotate_id,allievi_prenotati_id) values('75','188');
insert into allievo_attivita_prenotate(attivita_prenotate_id,allievi_prenotati_id) values('93','183');
insert into allievo_attivita_prenotate(attivita_prenotate_id,allievi_prenotati_id) values('123','188');
insert into allievo_attivita_prenotate(attivita_prenotate_id,allievi_prenotati_id) values('135','187');
insert into allievo_attivita_prenotate(attivita_prenotate_id,allievi_prenotati_id) values('47','207');
insert into allievo_attivita_prenotate(attivita_prenotate_id,allievi_prenotati_id) values('158','191');
insert into allievo_attivita_prenotate(attivita_prenotate_id,allievi_prenotati_id) values('13','197');
insert into allievo_attivita_prenotate(attivita_prenotate_id,allievi_prenotati_id) values('108','185');
insert into allievo_attivita_prenotate(attivita_prenotate_id,allievi_prenotati_id) values('77','182');
insert into allievo_attivita_prenotate(attivita_prenotate_id,allievi_prenotati_id) values('165','183');
insert into allievo_attivita_prenotate(attivita_prenotate_id,allievi_prenotati_id) values('106','199');
insert into allievo_attivita_prenotate(attivita_prenotate_id,allievi_prenotati_id) values('55','202');
insert into allievo_attivita_prenotate(attivita_prenotate_id,allievi_prenotati_id) values('89','179');
insert into allievo_attivita_prenotate(attivita_prenotate_id,allievi_prenotati_id) values('134','187');
insert into allievo_attivita_prenotate(attivita_prenotate_id,allievi_prenotati_id) values('61','182');
insert into allievo_attivita_prenotate(attivita_prenotate_id,allievi_prenotati_id) values('140','176');
insert into allievo_attivita_prenotate(attivita_prenotate_id,allievi_prenotati_id) values('153','200');
insert into allievo_attivita_prenotate(attivita_prenotate_id,allievi_prenotati_id) values('79','177');
insert into allievo_attivita_prenotate(attivita_prenotate_id,allievi_prenotati_id) values('46','200');
insert into allievo_attivita_prenotate(attivita_prenotate_id,allievi_prenotati_id) values('145','189');
insert into allievo_attivita_prenotate(attivita_prenotate_id,allievi_prenotati_id) values('41','195');
insert into allievo_attivita_prenotate(attivita_prenotate_id,allievi_prenotati_id) values('173','176');
insert into allievo_attivita_prenotate(attivita_prenotate_id,allievi_prenotati_id) values('160','196');
insert into allievo_attivita_prenotate(attivita_prenotate_id,allievi_prenotati_id) values('93','180');
insert into allievo_attivita_prenotate(attivita_prenotate_id,allievi_prenotati_id) values('61','175');
insert into allievo_attivita_prenotate(attivita_prenotate_id,allievi_prenotati_id) values('131','179');
insert into allievo_attivita_prenotate(attivita_prenotate_id,allievi_prenotati_id) values('35','200');
insert into allievo_attivita_prenotate(attivita_prenotate_id,allievi_prenotati_id) values('134','199');
insert into allievo_attivita_prenotate(attivita_prenotate_id,allievi_prenotati_id) values('163','203');
insert into allievo_attivita_prenotate(attivita_prenotate_id,allievi_prenotati_id) values('53','178');
insert into allievo_attivita_prenotate(attivita_prenotate_id,allievi_prenotati_id) values('120','186');
insert into allievo_attivita_prenotate(attivita_prenotate_id,allievi_prenotati_id) values('77','184');
insert into allievo_attivita_prenotate(attivita_prenotate_id,allievi_prenotati_id) values('169','179');
insert into allievo_attivita_prenotate(attivita_prenotate_id,allievi_prenotati_id) values('79','203');
insert into allievo_attivita_prenotate(attivita_prenotate_id,allievi_prenotati_id) values('163','185');
insert into allievo_attivita_prenotate(attivita_prenotate_id,allievi_prenotati_id) values('34','203');
insert into allievo_attivita_prenotate(attivita_prenotate_id,allievi_prenotati_id) values('45','210');
insert into allievo_attivita_prenotate(attivita_prenotate_id,allievi_prenotati_id) values('135','207');
insert into allievo_attivita_prenotate(attivita_prenotate_id,allievi_prenotati_id) values('67','182');
insert into allievo_attivita_prenotate(attivita_prenotate_id,allievi_prenotati_id) values('99','207');
insert into allievo_attivita_prenotate(attivita_prenotate_id,allievi_prenotati_id) values('126','185');
insert into allievo_attivita_prenotate(attivita_prenotate_id,allievi_prenotati_id) values('113','209');
insert into allievo_attivita_prenotate(attivita_prenotate_id,allievi_prenotati_id) values('50','187');
insert into allievo_attivita_prenotate(attivita_prenotate_id,allievi_prenotati_id) values('163','183');
insert into allievo_attivita_prenotate(attivita_prenotate_id,allievi_prenotati_id) values('135','177');
insert into allievo_attivita_prenotate(attivita_prenotate_id,allievi_prenotati_id) values('128','177');
insert into allievo_attivita_prenotate(attivita_prenotate_id,allievi_prenotati_id) values('68','193');
insert into allievo_attivita_prenotate(attivita_prenotate_id,allievi_prenotati_id) values('57','210');
insert into allievo_attivita_prenotate(attivita_prenotate_id,allievi_prenotati_id) values('117','193');
insert into allievo_attivita_prenotate(attivita_prenotate_id,allievi_prenotati_id) values('36','190');
insert into allievo_attivita_prenotate(attivita_prenotate_id,allievi_prenotati_id) values('119','191');
insert into allievo_attivita_prenotate(attivita_prenotate_id,allievi_prenotati_id) values('152','188');
insert into allievo_attivita_prenotate(attivita_prenotate_id,allievi_prenotati_id) values('109','176');
insert into allievo_attivita_prenotate(attivita_prenotate_id,allievi_prenotati_id) values('63','182');
insert into allievo_attivita_prenotate(attivita_prenotate_id,allievi_prenotati_id) values('41','193');
insert into allievo_attivita_prenotate(attivita_prenotate_id,allievi_prenotati_id) values('152','203');
insert into allievo_attivita_prenotate(attivita_prenotate_id,allievi_prenotati_id) values('150','192');
insert into allievo_attivita_prenotate(attivita_prenotate_id,allievi_prenotati_id) values('61','194');
insert into allievo_attivita_prenotate(attivita_prenotate_id,allievi_prenotati_id) values('85','176');
insert into allievo_attivita_prenotate(attivita_prenotate_id,allievi_prenotati_id) values('105','207');
insert into allievo_attivita_prenotate(attivita_prenotate_id,allievi_prenotati_id) values('48','187');
insert into allievo_attivita_prenotate(attivita_prenotate_id,allievi_prenotati_id) values('19','203');
insert into allievo_attivita_prenotate(attivita_prenotate_id,allievi_prenotati_id) values('129','174');
insert into allievo_attivita_prenotate(attivita_prenotate_id,allievi_prenotati_id) values('89','196');
insert into allievo_attivita_prenotate(attivita_prenotate_id,allievi_prenotati_id) values('55','211');
insert into allievo_attivita_prenotate(attivita_prenotate_id,allievi_prenotati_id) values('147','197');
insert into allievo_attivita_prenotate(attivita_prenotate_id,allievi_prenotati_id) values('165','204');
insert into allievo_attivita_prenotate(attivita_prenotate_id,allievi_prenotati_id) values('58','209');
insert into allievo_attivita_prenotate(attivita_prenotate_id,allievi_prenotati_id) values('127','179');
insert into allievo_attivita_prenotate(attivita_prenotate_id,allievi_prenotati_id) values('77','193');
insert into allievo_attivita_prenotate(attivita_prenotate_id,allievi_prenotati_id) values('118','195');
insert into allievo_attivita_prenotate(attivita_prenotate_id,allievi_prenotati_id) values('124','208');
insert into allievo_attivita_prenotate(attivita_prenotate_id,allievi_prenotati_id) values('93','199');
insert into allievo_attivita_prenotate(attivita_prenotate_id,allievi_prenotati_id) values('18','178');
insert into allievo_attivita_prenotate(attivita_prenotate_id,allievi_prenotati_id) values('64','192');
insert into allievo_attivita_prenotate(attivita_prenotate_id,allievi_prenotati_id) values('75','182');
insert into allievo_attivita_prenotate(attivita_prenotate_id,allievi_prenotati_id) values('126','186');
insert into allievo_attivita_prenotate(attivita_prenotate_id,allievi_prenotati_id) values('80','207');
insert into allievo_attivita_prenotate(attivita_prenotate_id,allievi_prenotati_id) values('32','190');
insert into allievo_attivita_prenotate(attivita_prenotate_id,allievi_prenotati_id) values('151','207');
insert into allievo_attivita_prenotate(attivita_prenotate_id,allievi_prenotati_id) values('88','191');
insert into allievo_attivita_prenotate(attivita_prenotate_id,allievi_prenotati_id) values('26','201');
insert into allievo_attivita_prenotate(attivita_prenotate_id,allievi_prenotati_id) values('49','202');
insert into allievo_attivita_prenotate(attivita_prenotate_id,allievi_prenotati_id) values('36','195');
insert into allievo_attivita_prenotate(attivita_prenotate_id,allievi_prenotati_id) values('148','194');
insert into allievo_attivita_prenotate(attivita_prenotate_id,allievi_prenotati_id) values('117','192');
insert into allievo_attivita_prenotate(attivita_prenotate_id,allievi_prenotati_id) values('84','203');
insert into allievo_attivita_prenotate(attivita_prenotate_id,allievi_prenotati_id) values('145','194');
insert into allievo_attivita_prenotate(attivita_prenotate_id,allievi_prenotati_id) values('116','211');
insert into allievo_attivita_prenotate(attivita_prenotate_id,allievi_prenotati_id) values('82','181');
insert into allievo_attivita_prenotate(attivita_prenotate_id,allievi_prenotati_id) values('36','193');
insert into allievo_attivita_prenotate(attivita_prenotate_id,allievi_prenotati_id) values('101','175');
insert into allievo_attivita_prenotate(attivita_prenotate_id,allievi_prenotati_id) values('113','174');
insert into allievo_attivita_prenotate(attivita_prenotate_id,allievi_prenotati_id) values('31','204');
insert into allievo_attivita_prenotate(attivita_prenotate_id,allievi_prenotati_id) values('84','188');
insert into allievo_attivita_prenotate(attivita_prenotate_id,allievi_prenotati_id) values('54','175');
insert into allievo_attivita_prenotate(attivita_prenotate_id,allievi_prenotati_id) values('141','182');
insert into allievo_attivita_prenotate(attivita_prenotate_id,allievi_prenotati_id) values('116','209');
insert into allievo_attivita_prenotate(attivita_prenotate_id,allievi_prenotati_id) values('164','178');
insert into allievo_attivita_prenotate(attivita_prenotate_id,allievi_prenotati_id) values('152','209');
insert into allievo_attivita_prenotate(attivita_prenotate_id,allievi_prenotati_id) values('143','199');
insert into allievo_attivita_prenotate(attivita_prenotate_id,allievi_prenotati_id) values('57','211');
insert into allievo_attivita_prenotate(attivita_prenotate_id,allievi_prenotati_id) values('146','198');
insert into allievo_attivita_prenotate(attivita_prenotate_id,allievi_prenotati_id) values('164','192');
insert into allievo_attivita_prenotate(attivita_prenotate_id,allievi_prenotati_id) values('47','179');
insert into allievo_attivita_prenotate(attivita_prenotate_id,allievi_prenotati_id) values('13','196');
insert into allievo_attivita_prenotate(attivita_prenotate_id,allievi_prenotati_id) values('126','196');
insert into allievo_attivita_prenotate(attivita_prenotate_id,allievi_prenotati_id) values('83','203');
insert into allievo_attivita_prenotate(attivita_prenotate_id,allievi_prenotati_id) values('50','194');
insert into allievo_attivita_prenotate(attivita_prenotate_id,allievi_prenotati_id) values('24','180');
insert into allievo_attivita_prenotate(attivita_prenotate_id,allievi_prenotati_id) values('67','174');
insert into allievo_attivita_prenotate(attivita_prenotate_id,allievi_prenotati_id) values('63','209');
insert into allievo_attivita_prenotate(attivita_prenotate_id,allievi_prenotati_id) values('136','196');
insert into allievo_attivita_prenotate(attivita_prenotate_id,allievi_prenotati_id) values('144','181');
insert into allievo_attivita_prenotate(attivita_prenotate_id,allievi_prenotati_id) values('134','198');
insert into allievo_attivita_prenotate(attivita_prenotate_id,allievi_prenotati_id) values('81','188');
insert into allievo_attivita_prenotate(attivita_prenotate_id,allievi_prenotati_id) values('170','200');
insert into allievo_attivita_prenotate(attivita_prenotate_id,allievi_prenotati_id) values('103','199');
insert into allievo_attivita_prenotate(attivita_prenotate_id,allievi_prenotati_id) values('137','203');
insert into allievo_attivita_prenotate(attivita_prenotate_id,allievi_prenotati_id) values('145','207');
insert into allievo_attivita_prenotate(attivita_prenotate_id,allievi_prenotati_id) values('30','195');
insert into allievo_attivita_prenotate(attivita_prenotate_id,allievi_prenotati_id) values('21','175');
insert into allievo_attivita_prenotate(attivita_prenotate_id,allievi_prenotati_id) values('110','174');
insert into allievo_attivita_prenotate(attivita_prenotate_id,allievi_prenotati_id) values('111','209');
insert into allievo_attivita_prenotate(attivita_prenotate_id,allievi_prenotati_id) values('85','195');
insert into allievo_attivita_prenotate(attivita_prenotate_id,allievi_prenotati_id) values('125','178');
insert into allievo_attivita_prenotate(attivita_prenotate_id,allievi_prenotati_id) values('50','177');
insert into allievo_attivita_prenotate(attivita_prenotate_id,allievi_prenotati_id) values('156','200');
insert into allievo_attivita_prenotate(attivita_prenotate_id,allievi_prenotati_id) values('40','182');
insert into allievo_attivita_prenotate(attivita_prenotate_id,allievi_prenotati_id) values('128','197');
insert into allievo_attivita_prenotate(attivita_prenotate_id,allievi_prenotati_id) values('136','183');
insert into allievo_attivita_prenotate(attivita_prenotate_id,allievi_prenotati_id) values('100','194');
insert into allievo_attivita_prenotate(attivita_prenotate_id,allievi_prenotati_id) values('110','197');
insert into allievo_attivita_prenotate(attivita_prenotate_id,allievi_prenotati_id) values('97','196');
insert into allievo_attivita_prenotate(attivita_prenotate_id,allievi_prenotati_id) values('62','175');
insert into allievo_attivita_prenotate(attivita_prenotate_id,allievi_prenotati_id) values('150','207');
insert into allievo_attivita_prenotate(attivita_prenotate_id,allievi_prenotati_id) values('89','192');
insert into allievo_attivita_prenotate(attivita_prenotate_id,allievi_prenotati_id) values('123','199');
insert into allievo_attivita_prenotate(attivita_prenotate_id,allievi_prenotati_id) values('70','177');
insert into allievo_attivita_prenotate(attivita_prenotate_id,allievi_prenotati_id) values('126','175');
insert into allievo_attivita_prenotate(attivita_prenotate_id,allievi_prenotati_id) values('28','196');
insert into allievo_attivita_prenotate(attivita_prenotate_id,allievi_prenotati_id) values('28','192');
insert into allievo_attivita_prenotate(attivita_prenotate_id,allievi_prenotati_id) values('79','209');
insert into allievo_attivita_prenotate(attivita_prenotate_id,allievi_prenotati_id) values('78','209');
insert into allievo_attivita_prenotate(attivita_prenotate_id,allievi_prenotati_id) values('94','177');
insert into allievo_attivita_prenotate(attivita_prenotate_id,allievi_prenotati_id) values('171','211');
insert into allievo_attivita_prenotate(attivita_prenotate_id,allievi_prenotati_id) values('123','176');
insert into allievo_attivita_prenotate(attivita_prenotate_id,allievi_prenotati_id) values('79','175');
insert into allievo_attivita_prenotate(attivita_prenotate_id,allievi_prenotati_id) values('77','207');
insert into allievo_attivita_prenotate(attivita_prenotate_id,allievi_prenotati_id) values('119','183');
insert into allievo_attivita_prenotate(attivita_prenotate_id,allievi_prenotati_id) values('44','187');
insert into allievo_attivita_prenotate(attivita_prenotate_id,allievi_prenotati_id) values('165','190');
insert into allievo_attivita_prenotate(attivita_prenotate_id,allievi_prenotati_id) values('35','210');
insert into allievo_attivita_prenotate(attivita_prenotate_id,allievi_prenotati_id) values('169','177');
insert into allievo_attivita_prenotate(attivita_prenotate_id,allievi_prenotati_id) values('52','179');
insert into allievo_attivita_prenotate(attivita_prenotate_id,allievi_prenotati_id) values('153','195');
insert into allievo_attivita_prenotate(attivita_prenotate_id,allievi_prenotati_id) values('139','186');
insert into allievo_attivita_prenotate(attivita_prenotate_id,allievi_prenotati_id) values('141','207');
insert into allievo_attivita_prenotate(attivita_prenotate_id,allievi_prenotati_id) values('146','178');
insert into allievo_attivita_prenotate(attivita_prenotate_id,allievi_prenotati_id) values('127','210');
insert into allievo_attivita_prenotate(attivita_prenotate_id,allievi_prenotati_id) values('96','191');
insert into allievo_attivita_prenotate(attivita_prenotate_id,allievi_prenotati_id) values('79','193');
insert into allievo_attivita_prenotate(attivita_prenotate_id,allievi_prenotati_id) values('51','189');
insert into allievo_attivita_prenotate(attivita_prenotate_id,allievi_prenotati_id) values('105','189');
insert into allievo_attivita_prenotate(attivita_prenotate_id,allievi_prenotati_id) values('37','174');
insert into allievo_attivita_prenotate(attivita_prenotate_id,allievi_prenotati_id) values('63','207');
insert into allievo_attivita_prenotate(attivita_prenotate_id,allievi_prenotati_id) values('139','188');
insert into allievo_attivita_prenotate(attivita_prenotate_id,allievi_prenotati_id) values('85','180');
insert into allievo_attivita_prenotate(attivita_prenotate_id,allievi_prenotati_id) values('36','199');
insert into allievo_attivita_prenotate(attivita_prenotate_id,allievi_prenotati_id) values('42','193');
insert into allievo_attivita_prenotate(attivita_prenotate_id,allievi_prenotati_id) values('61','174');
insert into allievo_attivita_prenotate(attivita_prenotate_id,allievi_prenotati_id) values('35','198');
insert into allievo_attivita_prenotate(attivita_prenotate_id,allievi_prenotati_id) values('166','193');
insert into allievo_attivita_prenotate(attivita_prenotate_id,allievi_prenotati_id) values('39','197');
insert into allievo_attivita_prenotate(attivita_prenotate_id,allievi_prenotati_id) values('131','178');
insert into allievo_attivita_prenotate(attivita_prenotate_id,allievi_prenotati_id) values('166','196');
insert into allievo_attivita_prenotate(attivita_prenotate_id,allievi_prenotati_id) values('81','203');
insert into allievo_attivita_prenotate(attivita_prenotate_id,allievi_prenotati_id) values('68','183');
insert into allievo_attivita_prenotate(attivita_prenotate_id,allievi_prenotati_id) values('124','194');
insert into allievo_attivita_prenotate(attivita_prenotate_id,allievi_prenotati_id) values('60','207');
insert into allievo_attivita_prenotate(attivita_prenotate_id,allievi_prenotati_id) values('42','201');
insert into allievo_attivita_prenotate(attivita_prenotate_id,allievi_prenotati_id) values('45','181');
insert into allievo_attivita_prenotate(attivita_prenotate_id,allievi_prenotati_id) values('26','180');
insert into allievo_attivita_prenotate(attivita_prenotate_id,allievi_prenotati_id) values('77','174');
insert into allievo_attivita_prenotate(attivita_prenotate_id,allievi_prenotati_id) values('76','192');
insert into allievo_attivita_prenotate(attivita_prenotate_id,allievi_prenotati_id) values('13','178');
insert into allievo_attivita_prenotate(attivita_prenotate_id,allievi_prenotati_id) values('86','187');
insert into allievo_attivita_prenotate(attivita_prenotate_id,allievi_prenotati_id) values('45','175');
insert into allievo_attivita_prenotate(attivita_prenotate_id,allievi_prenotati_id) values('79','188');
insert into allievo_attivita_prenotate(attivita_prenotate_id,allievi_prenotati_id) values('20','180');
insert into allievo_attivita_prenotate(attivita_prenotate_id,allievi_prenotati_id) values('27','190');
insert into allievo_attivita_prenotate(attivita_prenotate_id,allievi_prenotati_id) values('137','187');
insert into allievo_attivita_prenotate(attivita_prenotate_id,allievi_prenotati_id) values('17','194');
insert into allievo_attivita_prenotate(attivita_prenotate_id,allievi_prenotati_id) values('162','185');
insert into allievo_attivita_prenotate(attivita_prenotate_id,allievi_prenotati_id) values('137','181');
insert into allievo_attivita_prenotate(attivita_prenotate_id,allievi_prenotati_id) values('172','193');
insert into allievo_attivita_prenotate(attivita_prenotate_id,allievi_prenotati_id) values('123','180');
insert into allievo_attivita_prenotate(attivita_prenotate_id,allievi_prenotati_id) values('141','174');
insert into allievo_attivita_prenotate(attivita_prenotate_id,allievi_prenotati_id) values('115','203');
insert into allievo_attivita_prenotate(attivita_prenotate_id,allievi_prenotati_id) values('50','188');
insert into allievo_attivita_prenotate(attivita_prenotate_id,allievi_prenotati_id) values('26','186');
insert into allievo_attivita_prenotate(attivita_prenotate_id,allievi_prenotati_id) values('150','175');
insert into allievo_attivita_prenotate(attivita_prenotate_id,allievi_prenotati_id) values('162','206');
insert into allievo_attivita_prenotate(attivita_prenotate_id,allievi_prenotati_id) values('29','184');
insert into allievo_attivita_prenotate(attivita_prenotate_id,allievi_prenotati_id) values('14','209');
insert into allievo_attivita_prenotate(attivita_prenotate_id,allievi_prenotati_id) values('15','193');
insert into allievo_attivita_prenotate(attivita_prenotate_id,allievi_prenotati_id) values('51','187');
insert into allievo_attivita_prenotate(attivita_prenotate_id,allievi_prenotati_id) values('19','197');
insert into allievo_attivita_prenotate(attivita_prenotate_id,allievi_prenotati_id) values('117','177');
insert into allievo_attivita_prenotate(attivita_prenotate_id,allievi_prenotati_id) values('120','198');
insert into allievo_attivita_prenotate(attivita_prenotate_id,allievi_prenotati_id) values('58','198');
insert into allievo_attivita_prenotate(attivita_prenotate_id,allievi_prenotati_id) values('142','200');
insert into allievo_attivita_prenotate(attivita_prenotate_id,allievi_prenotati_id) values('163','189');
insert into allievo_attivita_prenotate(attivita_prenotate_id,allievi_prenotati_id) values('40','211');
insert into allievo_attivita_prenotate(attivita_prenotate_id,allievi_prenotati_id) values('45','197');
insert into allievo_attivita_prenotate(attivita_prenotate_id,allievi_prenotati_id) values('119','190');
insert into allievo_attivita_prenotate(attivita_prenotate_id,allievi_prenotati_id) values('82','199');
insert into allievo_attivita_prenotate(attivita_prenotate_id,allievi_prenotati_id) values('28','201');
insert into allievo_attivita_prenotate(attivita_prenotate_id,allievi_prenotati_id) values('49','198');
insert into allievo_attivita_prenotate(attivita_prenotate_id,allievi_prenotati_id) values('134','191');
insert into allievo_attivita_prenotate(attivita_prenotate_id,allievi_prenotati_id) values('116','201');
insert into allievo_attivita_prenotate(attivita_prenotate_id,allievi_prenotati_id) values('89','177');
insert into allievo_attivita_prenotate(attivita_prenotate_id,allievi_prenotati_id) values('23','185');
insert into allievo_attivita_prenotate(attivita_prenotate_id,allievi_prenotati_id) values('124','178');
insert into allievo_attivita_prenotate(attivita_prenotate_id,allievi_prenotati_id) values('103','181');
insert into allievo_attivita_prenotate(attivita_prenotate_id,allievi_prenotati_id) values('147','174');
insert into allievo_attivita_prenotate(attivita_prenotate_id,allievi_prenotati_id) values('34','174');
insert into allievo_attivita_prenotate(attivita_prenotate_id,allievi_prenotati_id) values('61','191');
insert into allievo_attivita_prenotate(attivita_prenotate_id,allievi_prenotati_id) values('60','200');
insert into allievo_attivita_prenotate(attivita_prenotate_id,allievi_prenotati_id) values('157','190');
insert into allievo_attivita_prenotate(attivita_prenotate_id,allievi_prenotati_id) values('16','195');
insert into allievo_attivita_prenotate(attivita_prenotate_id,allievi_prenotati_id) values('141','196');
insert into allievo_attivita_prenotate(attivita_prenotate_id,allievi_prenotati_id) values('86','190');
insert into allievo_attivita_prenotate(attivita_prenotate_id,allievi_prenotati_id) values('47','192');
insert into allievo_attivita_prenotate(attivita_prenotate_id,allievi_prenotati_id) values('16','201');
insert into allievo_attivita_prenotate(attivita_prenotate_id,allievi_prenotati_id) values('19','196');
insert into allievo_attivita_prenotate(attivita_prenotate_id,allievi_prenotati_id) values('88','181');
insert into allievo_attivita_prenotate(attivita_prenotate_id,allievi_prenotati_id) values('118','211');
insert into allievo_attivita_prenotate(attivita_prenotate_id,allievi_prenotati_id) values('130','177');
insert into allievo_attivita_prenotate(attivita_prenotate_id,allievi_prenotati_id) values('160','186');
insert into allievo_attivita_prenotate(attivita_prenotate_id,allievi_prenotati_id) values('127','200');
insert into allievo_attivita_prenotate(attivita_prenotate_id,allievi_prenotati_id) values('16','191');
insert into allievo_attivita_prenotate(attivita_prenotate_id,allievi_prenotati_id) values('151','190');
insert into allievo_attivita_prenotate(attivita_prenotate_id,allievi_prenotati_id) values('125','180');
insert into allievo_attivita_prenotate(attivita_prenotate_id,allievi_prenotati_id) values('129','193');
insert into allievo_attivita_prenotate(attivita_prenotate_id,allievi_prenotati_id) values('47','201');
insert into allievo_attivita_prenotate(attivita_prenotate_id,allievi_prenotati_id) values('70','203');
insert into allievo_attivita_prenotate(attivita_prenotate_id,allievi_prenotati_id) values('140','186');
insert into allievo_attivita_prenotate(attivita_prenotate_id,allievi_prenotati_id) values('86','186');
insert into allievo_attivita_prenotate(attivita_prenotate_id,allievi_prenotati_id) values('150','190');
insert into allievo_attivita_prenotate(attivita_prenotate_id,allievi_prenotati_id) values('80','199');
insert into allievo_attivita_prenotate(attivita_prenotate_id,allievi_prenotati_id) values('89','174');
insert into allievo_attivita_prenotate(attivita_prenotate_id,allievi_prenotati_id) values('121','189');
insert into allievo_attivita_prenotate(attivita_prenotate_id,allievi_prenotati_id) values('39','199');
insert into allievo_attivita_prenotate(attivita_prenotate_id,allievi_prenotati_id) values('84','192');
insert into allievo_attivita_prenotate(attivita_prenotate_id,allievi_prenotati_id) values('33','192');
insert into allievo_attivita_prenotate(attivita_prenotate_id,allievi_prenotati_id) values('94','196');
insert into allievo_attivita_prenotate(attivita_prenotate_id,allievi_prenotati_id) values('62','194');
insert into allievo_attivita_prenotate(attivita_prenotate_id,allievi_prenotati_id) values('42','198');
insert into allievo_attivita_prenotate(attivita_prenotate_id,allievi_prenotati_id) values('17','181');
insert into allievo_attivita_prenotate(attivita_prenotate_id,allievi_prenotati_id) values('114','188');
insert into allievo_attivita_prenotate(attivita_prenotate_id,allievi_prenotati_id) values('143','201');
insert into allievo_attivita_prenotate(attivita_prenotate_id,allievi_prenotati_id) values('135','208');
insert into allievo_attivita_prenotate(attivita_prenotate_id,allievi_prenotati_id) values('123','202');
insert into allievo_attivita_prenotate(attivita_prenotate_id,allievi_prenotati_id) values('93','210');
insert into allievo_attivita_prenotate(attivita_prenotate_id,allievi_prenotati_id) values('102','190');
insert into allievo_attivita_prenotate(attivita_prenotate_id,allievi_prenotati_id) values('49','185');
insert into allievo_attivita_prenotate(attivita_prenotate_id,allievi_prenotati_id) values('160','181');
insert into allievo_attivita_prenotate(attivita_prenotate_id,allievi_prenotati_id) values('143','178');
insert into allievo_attivita_prenotate(attivita_prenotate_id,allievi_prenotati_id) values('70','192');
insert into allievo_attivita_prenotate(attivita_prenotate_id,allievi_prenotati_id) values('173','189');
insert into allievo_attivita_prenotate(attivita_prenotate_id,allievi_prenotati_id) values('171','177');
insert into allievo_attivita_prenotate(attivita_prenotate_id,allievi_prenotati_id) values('81','184');
insert into allievo_attivita_prenotate(attivita_prenotate_id,allievi_prenotati_id) values('141','184');
insert into allievo_attivita_prenotate(attivita_prenotate_id,allievi_prenotati_id) values('65','183');
insert into allievo_attivita_prenotate(attivita_prenotate_id,allievi_prenotati_id) values('107','200');
insert into allievo_attivita_prenotate(attivita_prenotate_id,allievi_prenotati_id) values('75','207');
insert into allievo_attivita_prenotate(attivita_prenotate_id,allievi_prenotati_id) values('45','182');
insert into allievo_attivita_prenotate(attivita_prenotate_id,allievi_prenotati_id) values('152','182');
insert into allievo_attivita_prenotate(attivita_prenotate_id,allievi_prenotati_id) values('33','187');
insert into allievo_attivita_prenotate(attivita_prenotate_id,allievi_prenotati_id) values('102','186');
insert into allievo_attivita_prenotate(attivita_prenotate_id,allievi_prenotati_id) values('57','190');
insert into allievo_attivita_prenotate(attivita_prenotate_id,allievi_prenotati_id) values('80','195');
insert into allievo_attivita_prenotate(attivita_prenotate_id,allievi_prenotati_id) values('165','179');
insert into allievo_attivita_prenotate(attivita_prenotate_id,allievi_prenotati_id) values('170','193');
insert into allievo_attivita_prenotate(attivita_prenotate_id,allievi_prenotati_id) values('63','181');
insert into allievo_attivita_prenotate(attivita_prenotate_id,allievi_prenotati_id) values('91','208');
insert into allievo_attivita_prenotate(attivita_prenotate_id,allievi_prenotati_id) values('118','196');
insert into allievo_attivita_prenotate(attivita_prenotate_id,allievi_prenotati_id) values('65','194');
insert into allievo_attivita_prenotate(attivita_prenotate_id,allievi_prenotati_id) values('23','200');
insert into allievo_attivita_prenotate(attivita_prenotate_id,allievi_prenotati_id) values('136','209');
insert into allievo_attivita_prenotate(attivita_prenotate_id,allievi_prenotati_id) values('67','198');
insert into allievo_attivita_prenotate(attivita_prenotate_id,allievi_prenotati_id) values('85','182');
insert into allievo_attivita_prenotate(attivita_prenotate_id,allievi_prenotati_id) values('166','178');
insert into allievo_attivita_prenotate(attivita_prenotate_id,allievi_prenotati_id) values('165','182');
insert into allievo_attivita_prenotate(attivita_prenotate_id,allievi_prenotati_id) values('57','195');
insert into allievo_attivita_prenotate(attivita_prenotate_id,allievi_prenotati_id) values('150','201');
insert into allievo_attivita_prenotate(attivita_prenotate_id,allievi_prenotati_id) values('36','176');
insert into allievo_attivita_prenotate(attivita_prenotate_id,allievi_prenotati_id) values('93','200');
insert into allievo_attivita_prenotate(attivita_prenotate_id,allievi_prenotati_id) values('151','201');
insert into allievo_attivita_prenotate(attivita_prenotate_id,allievi_prenotati_id) values('143','198');
insert into allievo_attivita_prenotate(attivita_prenotate_id,allievi_prenotati_id) values('153','179');
insert into allievo_attivita_prenotate(attivita_prenotate_id,allievi_prenotati_id) values('155','204');
insert into allievo_attivita_prenotate(attivita_prenotate_id,allievi_prenotati_id) values('137','174');
insert into allievo_attivita_prenotate(attivita_prenotate_id,allievi_prenotati_id) values('61','208');
insert into allievo_attivita_prenotate(attivita_prenotate_id,allievi_prenotati_id) values('122','189');
insert into allievo_attivita_prenotate(attivita_prenotate_id,allievi_prenotati_id) values('47','209');
insert into allievo_attivita_prenotate(attivita_prenotate_id,allievi_prenotati_id) values('45','208');
insert into allievo_attivita_prenotate(attivita_prenotate_id,allievi_prenotati_id) values('71','184');
insert into allievo_attivita_prenotate(attivita_prenotate_id,allievi_prenotati_id) values('103','191');
insert into allievo_attivita_prenotate(attivita_prenotate_id,allievi_prenotati_id) values('59','203');
insert into allievo_attivita_prenotate(attivita_prenotate_id,allievi_prenotati_id) values('68','204');
insert into allievo_attivita_prenotate(attivita_prenotate_id,allievi_prenotati_id) values('103','211');
insert into allievo_attivita_prenotate(attivita_prenotate_id,allievi_prenotati_id) values('66','176');
insert into allievo_attivita_prenotate(attivita_prenotate_id,allievi_prenotati_id) values('162','184');
insert into allievo_attivita_prenotate(attivita_prenotate_id,allievi_prenotati_id) values('127','211');
insert into allievo_attivita_prenotate(attivita_prenotate_id,allievi_prenotati_id) values('171','208');
insert into allievo_attivita_prenotate(attivita_prenotate_id,allievi_prenotati_id) values('161','194');
insert into allievo_attivita_prenotate(attivita_prenotate_id,allievi_prenotati_id) values('131','175');
insert into allievo_attivita_prenotate(attivita_prenotate_id,allievi_prenotati_id) values('110','204');
insert into allievo_attivita_prenotate(attivita_prenotate_id,allievi_prenotati_id) values('62','192');
insert into allievo_attivita_prenotate(attivita_prenotate_id,allievi_prenotati_id) values('118','176');
insert into allievo_attivita_prenotate(attivita_prenotate_id,allievi_prenotati_id) values('44','204');
insert into allievo_attivita_prenotate(attivita_prenotate_id,allievi_prenotati_id) values('91','192');
insert into allievo_attivita_prenotate(attivita_prenotate_id,allievi_prenotati_id) values('76','174');
insert into allievo_attivita_prenotate(attivita_prenotate_id,allievi_prenotati_id) values('53','204');
insert into allievo_attivita_prenotate(attivita_prenotate_id,allievi_prenotati_id) values('66','174');
insert into allievo_attivita_prenotate(attivita_prenotate_id,allievi_prenotati_id) values('90','176');
insert into allievo_attivita_prenotate(attivita_prenotate_id,allievi_prenotati_id) values('138','176');
insert into allievo_attivita_prenotate(attivita_prenotate_id,allievi_prenotati_id) values('11','208');
insert into allievo_attivita_prenotate(attivita_prenotate_id,allievi_prenotati_id) values('13','203');
insert into allievo_attivita_prenotate(attivita_prenotate_id,allievi_prenotati_id) values('123','191');
insert into allievo_attivita_prenotate(attivita_prenotate_id,allievi_prenotati_id) values('48','175');
insert into allievo_attivita_prenotate(attivita_prenotate_id,allievi_prenotati_id) values('117','194');
insert into allievo_attivita_prenotate(attivita_prenotate_id,allievi_prenotati_id) values('171','193');
insert into allievo_attivita_prenotate(attivita_prenotate_id,allievi_prenotati_id) values('70','180');
insert into allievo_attivita_prenotate(attivita_prenotate_id,allievi_prenotati_id) values('21','184');
insert into allievo_attivita_prenotate(attivita_prenotate_id,allievi_prenotati_id) values('164','202');
insert into allievo_attivita_prenotate(attivita_prenotate_id,allievi_prenotati_id) values('140','185');
insert into allievo_attivita_prenotate(attivita_prenotate_id,allievi_prenotati_id) values('99','211');
insert into allievo_attivita_prenotate(attivita_prenotate_id,allievi_prenotati_id) values('153','191');
insert into allievo_attivita_prenotate(attivita_prenotate_id,allievi_prenotati_id) values('38','174');
insert into allievo_attivita_prenotate(attivita_prenotate_id,allievi_prenotati_id) values('20','197');
insert into allievo_attivita_prenotate(attivita_prenotate_id,allievi_prenotati_id) values('127','206');
insert into allievo_attivita_prenotate(attivita_prenotate_id,allievi_prenotati_id) values('54','184');
insert into allievo_attivita_prenotate(attivita_prenotate_id,allievi_prenotati_id) values('29','182');
insert into allievo_attivita_prenotate(attivita_prenotate_id,allievi_prenotati_id) values('170','190');
insert into allievo_attivita_prenotate(attivita_prenotate_id,allievi_prenotati_id) values('126','176');
insert into allievo_attivita_prenotate(attivita_prenotate_id,allievi_prenotati_id) values('114','174');
insert into allievo_attivita_prenotate(attivita_prenotate_id,allievi_prenotati_id) values('87','193');
insert into allievo_attivita_prenotate(attivita_prenotate_id,allievi_prenotati_id) values('12','183');
insert into allievo_attivita_prenotate(attivita_prenotate_id,allievi_prenotati_id) values('125','187');
insert into allievo_attivita_prenotate(attivita_prenotate_id,allievi_prenotati_id) values('168','193');
insert into allievo_attivita_prenotate(attivita_prenotate_id,allievi_prenotati_id) values('138','193');
insert into allievo_attivita_prenotate(attivita_prenotate_id,allievi_prenotati_id) values('113','180');
insert into allievo_attivita_prenotate(attivita_prenotate_id,allievi_prenotati_id) values('21','206');
insert into allievo_attivita_prenotate(attivita_prenotate_id,allievi_prenotati_id) values('40','191');
insert into allievo_attivita_prenotate(attivita_prenotate_id,allievi_prenotati_id) values('103','178');
insert into allievo_attivita_prenotate(attivita_prenotate_id,allievi_prenotati_id) values('25','210');
insert into allievo_attivita_prenotate(attivita_prenotate_id,allievi_prenotati_id) values('16','205');
insert into allievo_attivita_prenotate(attivita_prenotate_id,allievi_prenotati_id) values('172','183');
insert into allievo_attivita_prenotate(attivita_prenotate_id,allievi_prenotati_id) values('95','200');
insert into allievo_attivita_prenotate(attivita_prenotate_id,allievi_prenotati_id) values('28','203');
insert into allievo_attivita_prenotate(attivita_prenotate_id,allievi_prenotati_id) values('63','180');
insert into allievo_attivita_prenotate(attivita_prenotate_id,allievi_prenotati_id) values('104','181');
insert into allievo_attivita_prenotate(attivita_prenotate_id,allievi_prenotati_id) values('171','174');
insert into allievo_attivita_prenotate(attivita_prenotate_id,allievi_prenotati_id) values('40','203');
insert into allievo_attivita_prenotate(attivita_prenotate_id,allievi_prenotati_id) values('23','205');
insert into allievo_attivita_prenotate(attivita_prenotate_id,allievi_prenotati_id) values('25','181');
insert into allievo_attivita_prenotate(attivita_prenotate_id,allievi_prenotati_id) values('77','206');
insert into allievo_attivita_prenotate(attivita_prenotate_id,allievi_prenotati_id) values('52','183');
insert into allievo_attivita_prenotate(attivita_prenotate_id,allievi_prenotati_id) values('144','203');
insert into allievo_attivita_prenotate(attivita_prenotate_id,allievi_prenotati_id) values('11','211');
insert into allievo_attivita_prenotate(attivita_prenotate_id,allievi_prenotati_id) values('97','195');
insert into allievo_attivita_prenotate(attivita_prenotate_id,allievi_prenotati_id) values('52','205');
insert into allievo_attivita_prenotate(attivita_prenotate_id,allievi_prenotati_id) values('162','178');
insert into allievo_attivita_prenotate(attivita_prenotate_id,allievi_prenotati_id) values('53','208');
insert into allievo_attivita_prenotate(attivita_prenotate_id,allievi_prenotati_id) values('150','196');
insert into allievo_attivita_prenotate(attivita_prenotate_id,allievi_prenotati_id) values('77','175');
insert into allievo_attivita_prenotate(attivita_prenotate_id,allievi_prenotati_id) values('119','189');
insert into allievo_attivita_prenotate(attivita_prenotate_id,allievi_prenotati_id) values('117','188');
insert into allievo_attivita_prenotate(attivita_prenotate_id,allievi_prenotati_id) values('27','211');
insert into allievo_attivita_prenotate(attivita_prenotate_id,allievi_prenotati_id) values('43','174');
insert into allievo_attivita_prenotate(attivita_prenotate_id,allievi_prenotati_id) values('124','192');
insert into allievo_attivita_prenotate(attivita_prenotate_id,allievi_prenotati_id) values('97','204');
insert into allievo_attivita_prenotate(attivita_prenotate_id,allievi_prenotati_id) values('119','181');
insert into allievo_attivita_prenotate(attivita_prenotate_id,allievi_prenotati_id) values('147','192');
insert into allievo_attivita_prenotate(attivita_prenotate_id,allievi_prenotati_id) values('119','175');
insert into allievo_attivita_prenotate(attivita_prenotate_id,allievi_prenotati_id) values('107','187');
insert into allievo_attivita_prenotate(attivita_prenotate_id,allievi_prenotati_id) values('142','175');
insert into allievo_attivita_prenotate(attivita_prenotate_id,allievi_prenotati_id) values('167','184');
insert into allievo_attivita_prenotate(attivita_prenotate_id,allievi_prenotati_id) values('146','193');
insert into allievo_attivita_prenotate(attivita_prenotate_id,allievi_prenotati_id) values('35','207');
insert into allievo_attivita_prenotate(attivita_prenotate_id,allievi_prenotati_id) values('86','194');
insert into allievo_attivita_prenotate(attivita_prenotate_id,allievi_prenotati_id) values('133','204');
insert into allievo_attivita_prenotate(attivita_prenotate_id,allievi_prenotati_id) values('31','206');
insert into allievo_attivita_prenotate(attivita_prenotate_id,allievi_prenotati_id) values('145','192');
insert into allievo_attivita_prenotate(attivita_prenotate_id,allievi_prenotati_id) values('31','188');
insert into allievo_attivita_prenotate(attivita_prenotate_id,allievi_prenotati_id) values('136','205');
insert into allievo_attivita_prenotate(attivita_prenotate_id,allievi_prenotati_id) values('25','206');
insert into allievo_attivita_prenotate(attivita_prenotate_id,allievi_prenotati_id) values('169','207');
insert into allievo_attivita_prenotate(attivita_prenotate_id,allievi_prenotati_id) values('91','202');
insert into allievo_attivita_prenotate(attivita_prenotate_id,allievi_prenotati_id) values('153','202');
insert into allievo_attivita_prenotate(attivita_prenotate_id,allievi_prenotati_id) values('119','201');
insert into allievo_attivita_prenotate(attivita_prenotate_id,allievi_prenotati_id) values('16','175');
insert into allievo_attivita_prenotate(attivita_prenotate_id,allievi_prenotati_id) values('58','195');
insert into allievo_attivita_prenotate(attivita_prenotate_id,allievi_prenotati_id) values('173','188');
insert into allievo_attivita_prenotate(attivita_prenotate_id,allievi_prenotati_id) values('134','188');
insert into allievo_attivita_prenotate(attivita_prenotate_id,allievi_prenotati_id) values('98','204');
insert into allievo_attivita_prenotate(attivita_prenotate_id,allievi_prenotati_id) values('168','198');
insert into allievo_attivita_prenotate(attivita_prenotate_id,allievi_prenotati_id) values('31','175');
insert into allievo_attivita_prenotate(attivita_prenotate_id,allievi_prenotati_id) values('173','205');
insert into allievo_attivita_prenotate(attivita_prenotate_id,allievi_prenotati_id) values('14','188');
insert into allievo_attivita_prenotate(attivita_prenotate_id,allievi_prenotati_id) values('39','189');
insert into allievo_attivita_prenotate(attivita_prenotate_id,allievi_prenotati_id) values('162','186');
insert into allievo_attivita_prenotate(attivita_prenotate_id,allievi_prenotati_id) values('133','193');
insert into allievo_attivita_prenotate(attivita_prenotate_id,allievi_prenotati_id) values('35','176');
insert into allievo_attivita_prenotate(attivita_prenotate_id,allievi_prenotati_id) values('21','204');
insert into allievo_attivita_prenotate(attivita_prenotate_id,allievi_prenotati_id) values('48','189');
insert into allievo_attivita_prenotate(attivita_prenotate_id,allievi_prenotati_id) values('45','195');
insert into allievo_attivita_prenotate(attivita_prenotate_id,allievi_prenotati_id) values('110','183');
insert into allievo_attivita_prenotate(attivita_prenotate_id,allievi_prenotati_id) values('163','186');
insert into allievo_attivita_prenotate(attivita_prenotate_id,allievi_prenotati_id) values('77','176');
insert into allievo_attivita_prenotate(attivita_prenotate_id,allievi_prenotati_id) values('50','193');
insert into allievo_attivita_prenotate(attivita_prenotate_id,allievi_prenotati_id) values('121','181');
insert into allievo_attivita_prenotate(attivita_prenotate_id,allievi_prenotati_id) values('141','202');
insert into allievo_attivita_prenotate(attivita_prenotate_id,allievi_prenotati_id) values('143','204');
insert into allievo_attivita_prenotate(attivita_prenotate_id,allievi_prenotati_id) values('157','176');
insert into allievo_attivita_prenotate(attivita_prenotate_id,allievi_prenotati_id) values('76','181');
insert into allievo_attivita_prenotate(attivita_prenotate_id,allievi_prenotati_id) values('63','175');
insert into allievo_attivita_prenotate(attivita_prenotate_id,allievi_prenotati_id) values('33','195');
insert into allievo_attivita_prenotate(attivita_prenotate_id,allievi_prenotati_id) values('82','206');
insert into allievo_attivita_prenotate(attivita_prenotate_id,allievi_prenotati_id) values('59','174');
insert into allievo_attivita_prenotate(attivita_prenotate_id,allievi_prenotati_id) values('133','176');
insert into allievo_attivita_prenotate(attivita_prenotate_id,allievi_prenotati_id) values('68','198');
insert into allievo_attivita_prenotate(attivita_prenotate_id,allievi_prenotati_id) values('16','197');
insert into allievo_attivita_prenotate(attivita_prenotate_id,allievi_prenotati_id) values('72','175');
insert into allievo_attivita_prenotate(attivita_prenotate_id,allievi_prenotati_id) values('112','209');
insert into allievo_attivita_prenotate(attivita_prenotate_id,allievi_prenotati_id) values('102','182');
insert into allievo_attivita_prenotate(attivita_prenotate_id,allievi_prenotati_id) values('154','175');
insert into allievo_attivita_prenotate(attivita_prenotate_id,allievi_prenotati_id) values('70','201');
insert into allievo_attivita_prenotate(attivita_prenotate_id,allievi_prenotati_id) values('44','198');
insert into allievo_attivita_prenotate(attivita_prenotate_id,allievi_prenotati_id) values('20','187');
insert into allievo_attivita_prenotate(attivita_prenotate_id,allievi_prenotati_id) values('103','207');
insert into allievo_attivita_prenotate(attivita_prenotate_id,allievi_prenotati_id) values('108','184');
insert into allievo_attivita_prenotate(attivita_prenotate_id,allievi_prenotati_id) values('140','209');
insert into allievo_attivita_prenotate(attivita_prenotate_id,allievi_prenotati_id) values('112','182');
insert into allievo_attivita_prenotate(attivita_prenotate_id,allievi_prenotati_id) values('129','186');
insert into allievo_attivita_prenotate(attivita_prenotate_id,allievi_prenotati_id) values('72','192');
insert into allievo_attivita_prenotate(attivita_prenotate_id,allievi_prenotati_id) values('105','195');
insert into allievo_attivita_prenotate(attivita_prenotate_id,allievi_prenotati_id) values('35','177');
insert into allievo_attivita_prenotate(attivita_prenotate_id,allievi_prenotati_id) values('169','211');
insert into allievo_attivita_prenotate(attivita_prenotate_id,allievi_prenotati_id) values('148','193');
insert into allievo_attivita_prenotate(attivita_prenotate_id,allievi_prenotati_id) values('124','177');
insert into allievo_attivita_prenotate(attivita_prenotate_id,allievi_prenotati_id) values('43','182');
insert into allievo_attivita_prenotate(attivita_prenotate_id,allievi_prenotati_id) values('61','183');
insert into allievo_attivita_prenotate(attivita_prenotate_id,allievi_prenotati_id) values('148','190');
insert into allievo_attivita_prenotate(attivita_prenotate_id,allievi_prenotati_id) values('93','202');
insert into allievo_attivita_prenotate(attivita_prenotate_id,allievi_prenotati_id) values('164','205');
insert into allievo_attivita_prenotate(attivita_prenotate_id,allievi_prenotati_id) values('56','203');
insert into allievo_attivita_prenotate(attivita_prenotate_id,allievi_prenotati_id) values('173','208');
insert into allievo_attivita_prenotate(attivita_prenotate_id,allievi_prenotati_id) values('47','181');
insert into allievo_attivita_prenotate(attivita_prenotate_id,allievi_prenotati_id) values('51','188');
insert into allievo_attivita_prenotate(attivita_prenotate_id,allievi_prenotati_id) values('30','211');
insert into allievo_attivita_prenotate(attivita_prenotate_id,allievi_prenotati_id) values('109','188');
insert into allievo_attivita_prenotate(attivita_prenotate_id,allievi_prenotati_id) values('54','202');
insert into allievo_attivita_prenotate(attivita_prenotate_id,allievi_prenotati_id) values('112','179');
insert into allievo_attivita_prenotate(attivita_prenotate_id,allievi_prenotati_id) values('144','202');
insert into allievo_attivita_prenotate(attivita_prenotate_id,allievi_prenotati_id) values('70','198');
insert into allievo_attivita_prenotate(attivita_prenotate_id,allievi_prenotati_id) values('172','175');
insert into allievo_attivita_prenotate(attivita_prenotate_id,allievi_prenotati_id) values('128','211');
insert into allievo_attivita_prenotate(attivita_prenotate_id,allievi_prenotati_id) values('11','202');
insert into allievo_attivita_prenotate(attivita_prenotate_id,allievi_prenotati_id) values('152','194');
insert into allievo_attivita_prenotate(attivita_prenotate_id,allievi_prenotati_id) values('20','211');
insert into allievo_attivita_prenotate(attivita_prenotate_id,allievi_prenotati_id) values('165','181');
insert into allievo_attivita_prenotate(attivita_prenotate_id,allievi_prenotati_id) values('85','206');
insert into allievo_attivita_prenotate(attivita_prenotate_id,allievi_prenotati_id) values('33','197');
insert into allievo_attivita_prenotate(attivita_prenotate_id,allievi_prenotati_id) values('143','179');
insert into allievo_attivita_prenotate(attivita_prenotate_id,allievi_prenotati_id) values('154','200');
insert into allievo_attivita_prenotate(attivita_prenotate_id,allievi_prenotati_id) values('80','210');
insert into allievo_attivita_prenotate(attivita_prenotate_id,allievi_prenotati_id) values('78','188');
insert into allievo_attivita_prenotate(attivita_prenotate_id,allievi_prenotati_id) values('158','175');
insert into allievo_attivita_prenotate(attivita_prenotate_id,allievi_prenotati_id) values('24','175');
insert into allievo_attivita_prenotate(attivita_prenotate_id,allievi_prenotati_id) values('69','195');
insert into allievo_attivita_prenotate(attivita_prenotate_id,allievi_prenotati_id) values('33','210');
insert into allievo_attivita_prenotate(attivita_prenotate_id,allievi_prenotati_id) values('70','193');
insert into allievo_attivita_prenotate(attivita_prenotate_id,allievi_prenotati_id) values('143','175');
insert into allievo_attivita_prenotate(attivita_prenotate_id,allievi_prenotati_id) values('114','206');
insert into allievo_attivita_prenotate(attivita_prenotate_id,allievi_prenotati_id) values('123','208');
insert into allievo_attivita_prenotate(attivita_prenotate_id,allievi_prenotati_id) values('80','204');
insert into allievo_attivita_prenotate(attivita_prenotate_id,allievi_prenotati_id) values('75','187');
insert into allievo_attivita_prenotate(attivita_prenotate_id,allievi_prenotati_id) values('46','206');
insert into allievo_attivita_prenotate(attivita_prenotate_id,allievi_prenotati_id) values('12','201');
insert into allievo_attivita_prenotate(attivita_prenotate_id,allievi_prenotati_id) values('139','196');
insert into allievo_attivita_prenotate(attivita_prenotate_id,allievi_prenotati_id) values('42','209');
insert into allievo_attivita_prenotate(attivita_prenotate_id,allievi_prenotati_id) values('44','188');
insert into allievo_attivita_prenotate(attivita_prenotate_id,allievi_prenotati_id) values('91','184');
insert into allievo_attivita_prenotate(attivita_prenotate_id,allievi_prenotati_id) values('40','188');
insert into allievo_attivita_prenotate(attivita_prenotate_id,allievi_prenotati_id) values('70','188');
insert into allievo_attivita_prenotate(attivita_prenotate_id,allievi_prenotati_id) values('125','192');
insert into allievo_attivita_prenotate(attivita_prenotate_id,allievi_prenotati_id) values('118','185');
insert into allievo_attivita_prenotate(attivita_prenotate_id,allievi_prenotati_id) values('60','204');
insert into allievo_attivita_prenotate(attivita_prenotate_id,allievi_prenotati_id) values('54','179');
insert into allievo_attivita_prenotate(attivita_prenotate_id,allievi_prenotati_id) values('18','201');
insert into allievo_attivita_prenotate(attivita_prenotate_id,allievi_prenotati_id) values('132','188');
insert into allievo_attivita_prenotate(attivita_prenotate_id,allievi_prenotati_id) values('106','185');
insert into allievo_attivita_prenotate(attivita_prenotate_id,allievi_prenotati_id) values('48','199');
insert into allievo_attivita_prenotate(attivita_prenotate_id,allievi_prenotati_id) values('76','178');
insert into allievo_attivita_prenotate(attivita_prenotate_id,allievi_prenotati_id) values('88','194');
insert into allievo_attivita_prenotate(attivita_prenotate_id,allievi_prenotati_id) values('11','203');
insert into allievo_attivita_prenotate(attivita_prenotate_id,allievi_prenotati_id) values('117','187');
insert into allievo_attivita_prenotate(attivita_prenotate_id,allievi_prenotati_id) values('39','184');
insert into allievo_attivita_prenotate(attivita_prenotate_id,allievi_prenotati_id) values('125','199');
insert into allievo_attivita_prenotate(attivita_prenotate_id,allievi_prenotati_id) values('92','205');
insert into allievo_attivita_prenotate(attivita_prenotate_id,allievi_prenotati_id) values('21','180');
insert into allievo_attivita_prenotate(attivita_prenotate_id,allievi_prenotati_id) values('88','197');
insert into allievo_attivita_prenotate(attivita_prenotate_id,allievi_prenotati_id) values('120','187');
insert into allievo_attivita_prenotate(attivita_prenotate_id,allievi_prenotati_id) values('18','209');
insert into allievo_attivita_prenotate(attivita_prenotate_id,allievi_prenotati_id) values('72','178');
insert into allievo_attivita_prenotate(attivita_prenotate_id,allievi_prenotati_id) values('67','210');
insert into allievo_attivita_prenotate(attivita_prenotate_id,allievi_prenotati_id) values('98','177');
insert into allievo_attivita_prenotate(attivita_prenotate_id,allievi_prenotati_id) values('44','176');
insert into allievo_attivita_prenotate(attivita_prenotate_id,allievi_prenotati_id) values('119','174');
insert into allievo_attivita_prenotate(attivita_prenotate_id,allievi_prenotati_id) values('143','203');
insert into allievo_attivita_prenotate(attivita_prenotate_id,allievi_prenotati_id) values('105','197');
insert into allievo_attivita_prenotate(attivita_prenotate_id,allievi_prenotati_id) values('32','197');
insert into allievo_attivita_prenotate(attivita_prenotate_id,allievi_prenotati_id) values('34','196');
insert into allievo_attivita_prenotate(attivita_prenotate_id,allievi_prenotati_id) values('54','189');
insert into allievo_attivita_prenotate(attivita_prenotate_id,allievi_prenotati_id) values('15','201');
insert into allievo_attivita_prenotate(attivita_prenotate_id,allievi_prenotati_id) values('153','184');
insert into allievo_attivita_prenotate(attivita_prenotate_id,allievi_prenotati_id) values('31','183');
insert into allievo_attivita_prenotate(attivita_prenotate_id,allievi_prenotati_id) values('25','207');
insert into allievo_attivita_prenotate(attivita_prenotate_id,allievi_prenotati_id) values('48','188');
insert into allievo_attivita_prenotate(attivita_prenotate_id,allievi_prenotati_id) values('56','188');
insert into allievo_attivita_prenotate(attivita_prenotate_id,allievi_prenotati_id) values('52','188');
insert into allievo_attivita_prenotate(attivita_prenotate_id,allievi_prenotati_id) values('66','191');
insert into allievo_attivita_prenotate(attivita_prenotate_id,allievi_prenotati_id) values('57','209');
insert into allievo_attivita_prenotate(attivita_prenotate_id,allievi_prenotati_id) values('110','209');
insert into allievo_attivita_prenotate(attivita_prenotate_id,allievi_prenotati_id) values('12','196');
insert into allievo_attivita_prenotate(attivita_prenotate_id,allievi_prenotati_id) values('12','181');
insert into allievo_attivita_prenotate(attivita_prenotate_id,allievi_prenotati_id) values('26','189');
insert into allievo_attivita_prenotate(attivita_prenotate_id,allievi_prenotati_id) values('123','201');
insert into allievo_attivita_prenotate(attivita_prenotate_id,allievi_prenotati_id) values('51','193');
insert into allievo_attivita_prenotate(attivita_prenotate_id,allievi_prenotati_id) values('119','198');
insert into allievo_attivita_prenotate(attivita_prenotate_id,allievi_prenotati_id) values('130','192');
insert into allievo_attivita_prenotate(attivita_prenotate_id,allievi_prenotati_id) values('16','192');
insert into allievo_attivita_prenotate(attivita_prenotate_id,allievi_prenotati_id) values('51','203');
insert into allievo_attivita_prenotate(attivita_prenotate_id,allievi_prenotati_id) values('118','184');
insert into allievo_attivita_prenotate(attivita_prenotate_id,allievi_prenotati_id) values('25','193');
insert into allievo_attivita_prenotate(attivita_prenotate_id,allievi_prenotati_id) values('132','197');
insert into allievo_attivita_prenotate(attivita_prenotate_id,allievi_prenotati_id) values('32','182');
insert into allievo_attivita_prenotate(attivita_prenotate_id,allievi_prenotati_id) values('92','206');
insert into allievo_attivita_prenotate(attivita_prenotate_id,allievi_prenotati_id) values('152','187');
insert into allievo_attivita_prenotate(attivita_prenotate_id,allievi_prenotati_id) values('79','191');
insert into allievo_attivita_prenotate(attivita_prenotate_id,allievi_prenotati_id) values('146','197');
insert into allievo_attivita_prenotate(attivita_prenotate_id,allievi_prenotati_id) values('20','177');
insert into allievo_attivita_prenotate(attivita_prenotate_id,allievi_prenotati_id) values('79','201');
insert into allievo_attivita_prenotate(attivita_prenotate_id,allievi_prenotati_id) values('153','201');
insert into allievo_attivita_prenotate(attivita_prenotate_id,allievi_prenotati_id) values('158','186');
insert into allievo_attivita_prenotate(attivita_prenotate_id,allievi_prenotati_id) values('151','208');
insert into allievo_attivita_prenotate(attivita_prenotate_id,allievi_prenotati_id) values('13','175');
insert into allievo_attivita_prenotate(attivita_prenotate_id,allievi_prenotati_id) values('140','188');
insert into allievo_attivita_prenotate(attivita_prenotate_id,allievi_prenotati_id) values('20','191');
insert into allievo_attivita_prenotate(attivita_prenotate_id,allievi_prenotati_id) values('123','184');
insert into allievo_attivita_prenotate(attivita_prenotate_id,allievi_prenotati_id) values('122','195');
insert into allievo_attivita_prenotate(attivita_prenotate_id,allievi_prenotati_id) values('147','194');
insert into allievo_attivita_prenotate(attivita_prenotate_id,allievi_prenotati_id) values('63','199');
insert into allievo_attivita_prenotate(attivita_prenotate_id,allievi_prenotati_id) values('126','210');
insert into allievo_attivita_prenotate(attivita_prenotate_id,allievi_prenotati_id) values('58','176');
insert into allievo_attivita_prenotate(attivita_prenotate_id,allievi_prenotati_id) values('102','197');
insert into allievo_attivita_prenotate(attivita_prenotate_id,allievi_prenotati_id) values('84','189');
insert into allievo_attivita_prenotate(attivita_prenotate_id,allievi_prenotati_id) values('131','192');
insert into allievo_attivita_prenotate(attivita_prenotate_id,allievi_prenotati_id) values('36','211');
insert into allievo_attivita_prenotate(attivita_prenotate_id,allievi_prenotati_id) values('50','181');
insert into allievo_attivita_prenotate(attivita_prenotate_id,allievi_prenotati_id) values('147','198');
insert into allievo_attivita_prenotate(attivita_prenotate_id,allievi_prenotati_id) values('79','178');
insert into allievo_attivita_prenotate(attivita_prenotate_id,allievi_prenotati_id) values('55','204');
insert into allievo_attivita_prenotate(attivita_prenotate_id,allievi_prenotati_id) values('82','203');
insert into allievo_attivita_prenotate(attivita_prenotate_id,allievi_prenotati_id) values('80','209');
insert into allievo_attivita_prenotate(attivita_prenotate_id,allievi_prenotati_id) values('94','207');
insert into allievo_attivita_prenotate(attivita_prenotate_id,allievi_prenotati_id) values('123','182');
insert into allievo_attivita_prenotate(attivita_prenotate_id,allievi_prenotati_id) values('27','207');
insert into allievo_attivita_prenotate(attivita_prenotate_id,allievi_prenotati_id) values('47','199');
insert into allievo_attivita_prenotate(attivita_prenotate_id,allievi_prenotati_id) values('115','191');
insert into allievo_attivita_prenotate(attivita_prenotate_id,allievi_prenotati_id) values('111','185');
insert into allievo_attivita_prenotate(attivita_prenotate_id,allievi_prenotati_id) values('116','180');
insert into allievo_attivita_prenotate(attivita_prenotate_id,allievi_prenotati_id) values('152','183');
insert into allievo_attivita_prenotate(attivita_prenotate_id,allievi_prenotati_id) values('18','179');
insert into allievo_attivita_prenotate(attivita_prenotate_id,allievi_prenotati_id) values('36','194');
insert into allievo_attivita_prenotate(attivita_prenotate_id,allievi_prenotati_id) values('138','202');
insert into allievo_attivita_prenotate(attivita_prenotate_id,allievi_prenotati_id) values('32','189');
insert into allievo_attivita_prenotate(attivita_prenotate_id,allievi_prenotati_id) values('90','203');
insert into allievo_attivita_prenotate(attivita_prenotate_id,allievi_prenotati_id) values('106','201');
insert into allievo_attivita_prenotate(attivita_prenotate_id,allievi_prenotati_id) values('62','187');
insert into allievo_attivita_prenotate(attivita_prenotate_id,allievi_prenotati_id) values('132','185');
insert into allievo_attivita_prenotate(attivita_prenotate_id,allievi_prenotati_id) values('162','181');
insert into allievo_attivita_prenotate(attivita_prenotate_id,allievi_prenotati_id) values('102','203');
insert into allievo_attivita_prenotate(attivita_prenotate_id,allievi_prenotati_id) values('166','197');
insert into allievo_attivita_prenotate(attivita_prenotate_id,allievi_prenotati_id) values('57','185');
insert into allievo_attivita_prenotate(attivita_prenotate_id,allievi_prenotati_id) values('137','190');
insert into allievo_attivita_prenotate(attivita_prenotate_id,allievi_prenotati_id) values('25','198');
insert into allievo_attivita_prenotate(attivita_prenotate_id,allievi_prenotati_id) values('70','174');
insert into allievo_attivita_prenotate(attivita_prenotate_id,allievi_prenotati_id) values('82','208');
insert into allievo_attivita_prenotate(attivita_prenotate_id,allievi_prenotati_id) values('54','211');
insert into allievo_attivita_prenotate(attivita_prenotate_id,allievi_prenotati_id) values('72','179');
insert into allievo_attivita_prenotate(attivita_prenotate_id,allievi_prenotati_id) values('133','178');
insert into allievo_attivita_prenotate(attivita_prenotate_id,allievi_prenotati_id) values('45','183');
insert into allievo_attivita_prenotate(attivita_prenotate_id,allievi_prenotati_id) values('30','197');
insert into allievo_attivita_prenotate(attivita_prenotate_id,allievi_prenotati_id) values('50','200');
insert into allievo_attivita_prenotate(attivita_prenotate_id,allievi_prenotati_id) values('34','209');
insert into allievo_attivita_prenotate(attivita_prenotate_id,allievi_prenotati_id) values('53','196');
insert into allievo_attivita_prenotate(attivita_prenotate_id,allievi_prenotati_id) values('41','207');
insert into allievo_attivita_prenotate(attivita_prenotate_id,allievi_prenotati_id) values('30','177');
insert into allievo_attivita_prenotate(attivita_prenotate_id,allievi_prenotati_id) values('46','196');
insert into allievo_attivita_prenotate(attivita_prenotate_id,allievi_prenotati_id) values('36','186');
insert into allievo_attivita_prenotate(attivita_prenotate_id,allievi_prenotati_id) values('126','198');
insert into allievo_attivita_prenotate(attivita_prenotate_id,allievi_prenotati_id) values('25','178');
insert into allievo_attivita_prenotate(attivita_prenotate_id,allievi_prenotati_id) values('27','198');
insert into allievo_attivita_prenotate(attivita_prenotate_id,allievi_prenotati_id) values('11','205');
insert into allievo_attivita_prenotate(attivita_prenotate_id,allievi_prenotati_id) values('14','200');
insert into allievo_attivita_prenotate(attivita_prenotate_id,allievi_prenotati_id) values('150','203');
insert into allievo_attivita_prenotate(attivita_prenotate_id,allievi_prenotati_id) values('151','187');
insert into allievo_attivita_prenotate(attivita_prenotate_id,allievi_prenotati_id) values('95','193');
insert into allievo_attivita_prenotate(attivita_prenotate_id,allievi_prenotati_id) values('11','184');
insert into allievo_attivita_prenotate(attivita_prenotate_id,allievi_prenotati_id) values('50','208');
insert into allievo_attivita_prenotate(attivita_prenotate_id,allievi_prenotati_id) values('57','202');
insert into allievo_attivita_prenotate(attivita_prenotate_id,allievi_prenotati_id) values('52','174');
insert into allievo_attivita_prenotate(attivita_prenotate_id,allievi_prenotati_id) values('69','181');
insert into allievo_attivita_prenotate(attivita_prenotate_id,allievi_prenotati_id) values('83','210');
insert into allievo_attivita_prenotate(attivita_prenotate_id,allievi_prenotati_id) values('83','204');
insert into allievo_attivita_prenotate(attivita_prenotate_id,allievi_prenotati_id) values('15','181');
insert into allievo_attivita_prenotate(attivita_prenotate_id,allievi_prenotati_id) values('159','206');
insert into allievo_attivita_prenotate(attivita_prenotate_id,allievi_prenotati_id) values('35','191');
insert into allievo_attivita_prenotate(attivita_prenotate_id,allievi_prenotati_id) values('75','210');
insert into allievo_attivita_prenotate(attivita_prenotate_id,allievi_prenotati_id) values('62','182');
insert into allievo_attivita_prenotate(attivita_prenotate_id,allievi_prenotati_id) values('18','204');
insert into allievo_attivita_prenotate(attivita_prenotate_id,allievi_prenotati_id) values('134','203');
insert into allievo_attivita_prenotate(attivita_prenotate_id,allievi_prenotati_id) values('122','207');
insert into allievo_attivita_prenotate(attivita_prenotate_id,allievi_prenotati_id) values('54','185');
insert into allievo_attivita_prenotate(attivita_prenotate_id,allievi_prenotati_id) values('96','211');
insert into allievo_attivita_prenotate(attivita_prenotate_id,allievi_prenotati_id) values('16','177');
insert into allievo_attivita_prenotate(attivita_prenotate_id,allievi_prenotati_id) values('152','202');
insert into allievo_attivita_prenotate(attivita_prenotate_id,allievi_prenotati_id) values('18','199');
insert into allievo_attivita_prenotate(attivita_prenotate_id,allievi_prenotati_id) values('107','182');
insert into allievo_attivita_prenotate(attivita_prenotate_id,allievi_prenotati_id) values('66','188');
insert into allievo_attivita_prenotate(attivita_prenotate_id,allievi_prenotati_id) values('29','205');
insert into allievo_attivita_prenotate(attivita_prenotate_id,allievi_prenotati_id) values('23','194');
insert into allievo_attivita_prenotate(attivita_prenotate_id,allievi_prenotati_id) values('119','208');
insert into allievo_attivita_prenotate(attivita_prenotate_id,allievi_prenotati_id) values('46','197');
insert into allievo_attivita_prenotate(attivita_prenotate_id,allievi_prenotati_id) values('117','197');
insert into allievo_attivita_prenotate(attivita_prenotate_id,allievi_prenotati_id) values('160','207');
insert into allievo_attivita_prenotate(attivita_prenotate_id,allievi_prenotati_id) values('69','199');
insert into allievo_attivita_prenotate(attivita_prenotate_id,allievi_prenotati_id) values('51','179');
insert into allievo_attivita_prenotate(attivita_prenotate_id,allievi_prenotati_id) values('83','207');
insert into allievo_attivita_prenotate(attivita_prenotate_id,allievi_prenotati_id) values('24','198');
insert into allievo_attivita_prenotate(attivita_prenotate_id,allievi_prenotati_id) values('142','182');
insert into allievo_attivita_prenotate(attivita_prenotate_id,allievi_prenotati_id) values('160','182');
insert into allievo_attivita_prenotate(attivita_prenotate_id,allievi_prenotati_id) values('128','206');
insert into allievo_attivita_prenotate(attivita_prenotate_id,allievi_prenotati_id) values('131','189');
insert into allievo_attivita_prenotate(attivita_prenotate_id,allievi_prenotati_id) values('119','184');
insert into allievo_attivita_prenotate(attivita_prenotate_id,allievi_prenotati_id) values('165','205');
insert into allievo_attivita_prenotate(attivita_prenotate_id,allievi_prenotati_id) values('145','196');
insert into allievo_attivita_prenotate(attivita_prenotate_id,allievi_prenotati_id) values('112','202');
insert into allievo_attivita_prenotate(attivita_prenotate_id,allievi_prenotati_id) values('110','195');
insert into allievo_attivita_prenotate(attivita_prenotate_id,allievi_prenotati_id) values('81','195');
insert into allievo_attivita_prenotate(attivita_prenotate_id,allievi_prenotati_id) values('69','182');
insert into allievo_attivita_prenotate(attivita_prenotate_id,allievi_prenotati_id) values('78','179');
insert into allievo_attivita_prenotate(attivita_prenotate_id,allievi_prenotati_id) values('43','193');
insert into allievo_attivita_prenotate(attivita_prenotate_id,allievi_prenotati_id) values('20','208');
insert into allievo_attivita_prenotate(attivita_prenotate_id,allievi_prenotati_id) values('36','185');
insert into allievo_attivita_prenotate(attivita_prenotate_id,allievi_prenotati_id) values('50','198');
insert into allievo_attivita_prenotate(attivita_prenotate_id,allievi_prenotati_id) values('100','182');
insert into allievo_attivita_prenotate(attivita_prenotate_id,allievi_prenotati_id) values('64','185');
insert into allievo_attivita_prenotate(attivita_prenotate_id,allievi_prenotati_id) values('107','177');
insert into allievo_attivita_prenotate(attivita_prenotate_id,allievi_prenotati_id) values('167','205');
insert into allievo_attivita_prenotate(attivita_prenotate_id,allievi_prenotati_id) values('73','209');
insert into allievo_attivita_prenotate(attivita_prenotate_id,allievi_prenotati_id) values('16','183');
insert into allievo_attivita_prenotate(attivita_prenotate_id,allievi_prenotati_id) values('124','211');
insert into allievo_attivita_prenotate(attivita_prenotate_id,allievi_prenotati_id) values('145','179');
insert into allievo_attivita_prenotate(attivita_prenotate_id,allievi_prenotati_id) values('92','181');
insert into allievo_attivita_prenotate(attivita_prenotate_id,allievi_prenotati_id) values('103','188');
insert into allievo_attivita_prenotate(attivita_prenotate_id,allievi_prenotati_id) values('96','177');
insert into allievo_attivita_prenotate(attivita_prenotate_id,allievi_prenotati_id) values('91','203');
insert into allievo_attivita_prenotate(attivita_prenotate_id,allievi_prenotati_id) values('97','190');
insert into allievo_attivita_prenotate(attivita_prenotate_id,allievi_prenotati_id) values('150','185');
insert into allievo_attivita_prenotate(attivita_prenotate_id,allievi_prenotati_id) values('121','211');
insert into allievo_attivita_prenotate(attivita_prenotate_id,allievi_prenotati_id) values('106','180');
insert into allievo_attivita_prenotate(attivita_prenotate_id,allievi_prenotati_id) values('13','211');
insert into allievo_attivita_prenotate(attivita_prenotate_id,allievi_prenotati_id) values('146','196');
insert into allievo_attivita_prenotate(attivita_prenotate_id,allievi_prenotati_id) values('24','196');
insert into allievo_attivita_prenotate(attivita_prenotate_id,allievi_prenotati_id) values('13','174');
insert into allievo_attivita_prenotate(attivita_prenotate_id,allievi_prenotati_id) values('116','182');
insert into allievo_attivita_prenotate(attivita_prenotate_id,allievi_prenotati_id) values('154','177');
insert into allievo_attivita_prenotate(attivita_prenotate_id,allievi_prenotati_id) values('115','178');
insert into allievo_attivita_prenotate(attivita_prenotate_id,allievi_prenotati_id) values('87','210');
insert into allievo_attivita_prenotate(attivita_prenotate_id,allievi_prenotati_id) values('41','175');
insert into allievo_attivita_prenotate(attivita_prenotate_id,allievi_prenotati_id) values('69','183');
insert into allievo_attivita_prenotate(attivita_prenotate_id,allievi_prenotati_id) values('52','187');
insert into allievo_attivita_prenotate(attivita_prenotate_id,allievi_prenotati_id) values('19','200');
insert into allievo_attivita_prenotate(attivita_prenotate_id,allievi_prenotati_id) values('139','201');
insert into allievo_attivita_prenotate(attivita_prenotate_id,allievi_prenotati_id) values('162','209');
insert into allievo_attivita_prenotate(attivita_prenotate_id,allievi_prenotati_id) values('108','187');
insert into allievo_attivita_prenotate(attivita_prenotate_id,allievi_prenotati_id) values('131','204');
insert into allievo_attivita_prenotate(attivita_prenotate_id,allievi_prenotati_id) values('68','208');
insert into allievo_attivita_prenotate(attivita_prenotate_id,allievi_prenotati_id) values('65','203');
insert into allievo_attivita_prenotate(attivita_prenotate_id,allievi_prenotati_id) values('137','194');
insert into allievo_attivita_prenotate(attivita_prenotate_id,allievi_prenotati_id) values('72','208');
insert into allievo_attivita_prenotate(attivita_prenotate_id,allievi_prenotati_id) values('169','178');
insert into allievo_attivita_prenotate(attivita_prenotate_id,allievi_prenotati_id) values('153','182');
insert into allievo_attivita_prenotate(attivita_prenotate_id,allievi_prenotati_id) values('72','207');
insert into allievo_attivita_prenotate(attivita_prenotate_id,allievi_prenotati_id) values('111','179');
insert into allievo_attivita_prenotate(attivita_prenotate_id,allievi_prenotati_id) values('116','189');
insert into allievo_attivita_prenotate(attivita_prenotate_id,allievi_prenotati_id) values('22','174');
insert into allievo_attivita_prenotate(attivita_prenotate_id,allievi_prenotati_id) values('147','190');
insert into allievo_attivita_prenotate(attivita_prenotate_id,allievi_prenotati_id) values('51','174');
insert into allievo_attivita_prenotate(attivita_prenotate_id,allievi_prenotati_id) values('29','195');
insert into allievo_attivita_prenotate(attivita_prenotate_id,allievi_prenotati_id) values('156','202');
insert into allievo_attivita_prenotate(attivita_prenotate_id,allievi_prenotati_id) values('103','194');
insert into allievo_attivita_prenotate(attivita_prenotate_id,allievi_prenotati_id) values('72','210');
insert into allievo_attivita_prenotate(attivita_prenotate_id,allievi_prenotati_id) values('168','191');
insert into allievo_attivita_prenotate(attivita_prenotate_id,allievi_prenotati_id) values('153','196');
insert into allievo_attivita_prenotate(attivita_prenotate_id,allievi_prenotati_id) values('169','204');
insert into allievo_attivita_prenotate(attivita_prenotate_id,allievi_prenotati_id) values('168','183');
insert into allievo_attivita_prenotate(attivita_prenotate_id,allievi_prenotati_id) values('68','206');
insert into allievo_attivita_prenotate(attivita_prenotate_id,allievi_prenotati_id) values('19','210');



ALTER SEQUENCE public.hibernate_sequence START WITH 212;

ALTER SEQUENCE public.hibernate_sequence RESTART;

