INSERT INTO public.centro(
            id, capienza, email, indirizzo, nome, telefono)
    VALUES ('1', '100', 'r3busformazione@gmail.com', 'Terracina, via Roma', 'Scuola di Omeopatia Superiore', '0773708090');
INSERT INTO public.centro(
            id, capienza, email, indirizzo, nome, telefono)
    VALUES ('2', '50', 'r3busformazione@gmail.com', 'Torre Del Greco, Via comizi n. 18', 'ACMA Enterprise Training Center', '0818494938');
INSERT INTO public.centro(
            id, capienza, email, indirizzo, nome, telefono)
    VALUES ('3', '35', 'r3busformazione@gmail.com', 'Roma, Via dei Mamili n. 18', 'Istituto Ada Lovelace', '067808778');
INSERT INTO public.centro(
            id, capienza, email, indirizzo, nome, telefono)
    VALUES ('4', '75', 'r3busformazione@gmail.com', 'Firenze, Borgo Santa Croce 6', 'Scuola di Estetica Naturale', '0553987098');
INSERT INTO public.centro(
            id, capienza, email, indirizzo, nome, telefono)
    VALUES ('5', '40', 'r3busformazione@gmail.com', 'Belluno, Via Flavio Ostilio n. 8', 'Scuola di parrucchieria', '0437942474');
INSERT INTO public.centro(
            id, capienza, email, indirizzo, nome, telefono)
    VALUES ('6', '80', 'r3busformazione@gmail.com', 'Terracina, Ospedale Alfredo Fiorini', 'Formazione Infermieristica', '0773708091');
INSERT INTO public.centro(
            id, capienza, email, indirizzo, nome, telefono)
    VALUES ('7', '90', 'r3busformazione@gmail.com', 'Napoli, via dei Delinquenti', 'Lupin III', '081196745');
INSERT INTO public.centro(
            id, capienza, email, indirizzo, nome, telefono)
    VALUES ('8', '20', 'r3busformazione@gmail.com', 'Roma, via dei Detective', 'Detective Conan', '0637942474');
INSERT INTO public.centro(
            id, capienza, email, indirizzo, nome, telefono)
    VALUES ('9', '100', 'r3busformazione@gmail.com', 'Bau Bau, via dei Gatti Randagi', 'Passione cani', '0123456789');
INSERT INTO public.centro(
            id, capienza, email, indirizzo, nome, telefono)
    VALUES ('10', '40', 'r3busformazione@gmail.com', 'Bolzano, Via Roma n. 8', 'Il magico mondo del postino', '098421545');


insert into attivita(id, nome, orario_inizio, orario_fine, centro_id) 
		values('11','Come creare un antibiotico con acqua e zucchero','2018-07-01 12:00:00','2018-07-01 14:00:00','1');
insert into attivita(id, nome, orario_inizio, orario_fine, centro_id) 
		values('12','Anche l`acqua ricorda','2018-07-01 14:00:00','2018-07-01 16:00:00','1');
insert into attivita(id, nome, orario_inizio, orario_fine, centro_id) 
		values('13','Più è diluito e più funziona','2018-07-01 16:00:00','2018-07-01 18:00:00','1');
insert into attivita(id, nome, orario_inizio, orario_fine, centro_id) 
		values('11','Curare l`otite con l`Omeopatia','2018-07-02 10:00:00','2018-07-02 12:00:00','1');
insert into attivita(id, nome, orario_inizio, orario_fine, centro_id) 
		values('12','Come non fidarsi dei medici veri','2018-07-02 12:00:00','2018-07-02 14:00:00','1');
insert into attivita(id, nome, orario_inizio, orario_fine, centro_id) 
		values('13','Il complotto delle case farmaceutiche','2018-07-02 14:00:00','2018-07-02 16:00:00','1');
insert into attivita(id, nome, orario_inizio, orario_fine, centro_id) 
		values('14','La (non)sperimentazione Omeopatica','2018-07-02 16:00:00','2018-07-02 18:00:00','1');
insert into attivita(id, nome, orario_inizio, orario_fine, centro_id) 
		values('15','Su di me funziona!','2018-07-02 17:00:00','2018-07-02 20:00:00','1');
insert into attivita(id, nome, orario_inizio, orario_fine, centro_id) 
		values('16','Come creare un antibiotico con acqua e zucchero','2018-07-03 08:00:00','2018-07-03 10:00:00','1');
insert into attivita(id, nome, orario_inizio, orario_fine, centro_id) 
		values('17','Anche l`acqua ricorda','2018-07-03 10:00:00','2018-07-03 12:00:00','1');
insert into attivita(id, nome, orario_inizio, orario_fine, centro_id) 
		values('18','Più è diluito e più funziona','2018-07-03 12:00:00','2018-07-03 14:00:00','1');
insert into attivita(id, nome, orario_inizio, orario_fine, centro_id) 
		values('19','Curare l`otite con l`Omeopatia','2018-07-03 14:00:00','2018-07-03 16:00:00','1');
insert into attivita(id, nome, orario_inizio, orario_fine, centro_id) 
		values('20','Vaccini, il male del ventunesimo secolo','2018-07-03 16:00:00','2018-07-03 18:00:00','1');
insert into attivita(id, nome, orario_inizio, orario_fine, centro_id) 
		values('21','Il complotto delle case farmaceutiche','2018-07-03 18:00:00','2018-07-03 20:00:00','1');


insert into attivita(id, nome, orario_inizio, orario_fine, centro_id) 
		values('22','Sopravvivenza e salvataggio','2018-07-01 08:00:00','2018-07-01 10:00:00','2');
insert into attivita(id, nome, orario_inizio, orario_fine, centro_id) 
		values('23','Radar osservatore normale','2018-07-01 10:00:00','2018-07-01 12:00:00','2');
insert into attivita(id, nome, orario_inizio, orario_fine, centro_id) 
		values('24','Radar A.R.P.A','2018-07-01 12:00:00','2018-07-01 14:00:00','2');
insert into attivita(id, nome, orario_inizio, orario_fine, centro_id) 
		values('25','Familiarizzazione petroliere/chimichiere/gasiere','2018-07-01 14:00:00','2018-07-01 16:00:00','2');
insert into attivita(id, nome, orario_inizio, orario_fine, centro_id) 
		values('26','Sicurezza petroliere/chimichiere/gasiere','2018-07-01 16:00:00','2018-07-01 18:00:00','2');
insert into attivita(id, nome, orario_inizio, orario_fine, centro_id) 
		values('27','Crude oil washing (C.O.W.)','2018-07-01 18:00:00','2018-07-01 20:00:00','2');
insert into attivita(id, nome, orario_inizio, orario_fine, centro_id)
		values('28','Ship Security Officer ','2018-07-01 20:00:00','2018-07-01 22:00:00','2');
insert into attivita(id, nome, orario_inizio, orario_fine, centro_id) 
		values('29','Company Security Officer','2018-07-02 08:00:00','2018-07-02 10:00:00','2');
insert into attivita(id, nome, orario_inizio, orario_fine, centro_id) 
		values('30','Port Facility Security Officer','2018-07-02 10:00:00','2018-07-02 12:00:00','2');
insert into attivita(id, nome, orario_inizio, orario_fine, centro_id) 
		values('31','E.C.D.I.S.','2018-07-02 12:00:00','2018-07-02 14:00:00','2');
insert into attivita(id, nome, orario_inizio, orario_fine, centro_id) 
		values('32','Istruttore certificato in Maritime security','2018-07-02 14:00:00','2018-07-02 16:00:00','2');
insert into attivita(id, nome, orario_inizio, orario_fine, centro_id) 
		values('33','Formazione per Formatori','2018-07-02 16:00:00','2018-07-02 18:00:00','2');
insert into attivita(id, nome, orario_inizio, orario_fine, centro_id) 
		values('34','Leadership and Teamwork','2018-07-02 18:00:00','2018-07-02 20:00:00','2');
insert into attivita(id, nome, orario_inizio, orario_fine, centro_id) 
		values('35','Leadership and Teamwork a livello manageriale','2018-07-03 10:00:00','2018-07-03 12:00:00','2');
insert into attivita(id, nome, orario_inizio, orario_fine, centro_id) 
		values('35','Istruzione e addestramento su navi passeggeri','2018-07-03 12:00:00','2018-07-03 14:00:00','2');
insert into attivita(id, nome, orario_inizio, orario_fine, centro_id) 
		values('35','Personale designato compiti di security DUTIES','2018-07-03 16:00:00','2018-07-03 18:00:00','2');
insert into attivita(id, nome, orario_inizio, orario_fine, centro_id) 
		values('35','Personale indottrinamento security AWARNESS','2018-07-03 18:00:00','2018-07-03 20:00:00','2');


insert into attivita(id, nome, orario_inizio, orario_fine, centro_id) 
		values('36','Disegnatore CAD 1','2018-07-03 10:00:00','2018-07-03 12:00:00','3');
insert into attivita(id, nome, orario_inizio, orario_fine, centro_id) 
		values('37','Analista programmatore 1','2018-07-03 12:00:00','2018-07-03 14:00:00','3');
insert into attivita(id, nome, orario_inizio, orario_fine, centro_id) 
		values('38','Progettista web 1','2018-07-03 14:00:00','2018-07-03 16:00:00','3');
insert into attivita(id, nome, orario_inizio, orario_fine, centro_id) 
		values('39','Graphic Designer 1','2018-07-03 16:00:00','2018-07-03 18:00:00','3');
insert into attivita(id, nome, orario_inizio, orario_fine, centro_id) 
		values('40','Sistemisra e amministratore reti 1','2018-07-03 18:00:00','2018-07-03 20:00:00','3');
insert into attivita(id, nome, orario_inizio, orario_fine, centro_id) 
		values('41','Chiudere il case del pc','2018-07-03 20:00:00','2018-07-03 22:00:00','3');
insert into attivita(id, nome, orario_inizio, orario_fine, centro_id) 
		values('42','Accendere un computer','2018-07-04 08:00:00','2018-07-04 10:00:00','3');
insert into attivita(id, nome, orario_inizio, orario_fine, centro_id) 
		values('43','Alla scoperta del blocco note di Windows XP','2018-07-04 10:00:00','2018-07-04 12:00:00','3');
insert into attivita(id, nome, orario_inizio, orario_fine, centro_id) 
		values('44','Corso professionale per disegnatori con MSPaint','2018-07-04 12:00:00','2018-07-04 14:00:00','3');
insert into attivita(id, nome, orario_inizio, orario_fine, centro_id) 
		values('45','Disegnatore CAD 2','2018-07-04 14:00:00','2018-07-04 16:00:00','3');
insert into attivita(id, nome, orario_inizio, orario_fine, centro_id) 
		values('46','Analista programmatore 2','2018-07-04 16:00:00','2018-07-04 18:00:00','3');
insert into attivita(id, nome, orario_inizio, orario_fine, centro_id) 
		values('47','Progettista web 2','2018-07-04 18:00:00','2018-07-04 20:00:00','3');
insert into attivita(id, nome, orario_inizio, orario_fine, centro_id) 
		values('48','Graphic Designer 2','2018-07-04 20:00:00','2018-07-04 22:00:00','3');
insert into attivita(id, nome, orario_inizio, orario_fine, centro_id) 
		values('49','Sistemisra e amministratore reti 2','2018-07-05 08:00:00','2018-07-05 10:00:00','3');
insert into attivita(id, nome, orario_inizio, orario_fine, centro_id) 
		values('50','Disegnatore CAD 3','2018-07-05 10:00:00','2018-07-05 12:00:00','3');
insert into attivita(id, nome, orario_inizio, orario_fine, centro_id) 
		values('51','Analista programmatore 3','2018-07-05 12:00:00','2018-07-05 14:00:00','3');
insert into attivita(id, nome, orario_inizio, orario_fine, centro_id) 
		values('52','Progettista web 3','2018-07-05 14:00:00','2018-07-05 16:00:00','3');
insert into attivita(id, nome, orario_inizio, orario_fine, centro_id) 
		values('53','Graphic Designer 3','2018-07-05 16:00:00','2018-07-05 18:00:00','3');
insert into attivita(id, nome, orario_inizio, orario_fine, centro_id) 
		values('54','Sistemisra e amministratore reti 3','2018-07-05 18:00:00','2018-07-05 20:00:00','3');
insert into attivita(id, nome, orario_inizio, orario_fine, centro_id) 
		values('55','Disegnatore CAD 4','2018-07-05 20:00:00','2018-07-05 23:00:00','3');
insert into attivita(id, nome, orario_inizio, orario_fine, centro_id) 
		values('56','Analista programmatore 4','2018-07-06 08:00:00','2018-07-06 10:00:00','3');
insert into attivita(id, nome, orario_inizio, orario_fine, centro_id) 
		values('57','Progettista web 4','2018-07-06 10:00:00','2018-07-06 12:00:00','3');
insert into attivita(id, nome, orario_inizio, orario_fine, centro_id) 
		values('58','Graphic Designer 4','2018-07-06 12:00:00','2018-07-06 14:00:00','3');
insert into attivita(id, nome, orario_inizio, orario_fine, centro_id) 
		values('59','Sistemisra e amministratore reti 4','2018-07-06 14:00:00','2018-07-06 16:00:00','3');


insert into attivita(id, nome, orario_inizio, orario_fine, centro_id) 
		values('60','Corso di trucco','2018-07-01 08:00:00','2018-07-01 10:00:00','4');
insert into attivita(id, nome, orario_inizio, orario_fine, centro_id) 
		values('61','Massaggio Greco-Romano','2018-07-01 10:00:00','2018-07-01 12:00:00','4');
insert into attivita(id, nome, orario_inizio, orario_fine, centro_id) 
		values('62','Estetista di base','2018-07-01 12:00:00','2018-07-01 14:00:00','4');
insert into attivita(id, nome, orario_inizio, orario_fine, centro_id) 
		values('63','Mettere l`eyeliner','2018-07-01 14:00:00','2018-07-01 16:00:00','4');
insert into attivita(id, nome, orario_inizio, orario_fine, centro_id) 
		values('64','10 modi per mettere l`ombretto','2018-07-01 16:00:00','2018-07-01 18:00:00','4');
insert into attivita(id, nome, orario_inizio, orario_fine, centro_id) 
		values('65','Massaggio con le pietre bollenti','2018-07-01 18:00:00','2018-07-01 20:00:00','4');
insert into attivita(id, nome, orario_inizio, orario_fine, centro_id) 
		values('66','Crema al tartufo per la schiena','2018-07-01 20:00:00','2018-07-01 22:00:00','4');
insert into attivita(id, nome, orario_inizio, orario_fine, centro_id) 
		values('67','Come truccare le bambine piccole','2018-07-02 08:00:00','2018-07-02 10:00:00','4');
insert into attivita(id, nome, orario_inizio, orario_fine, centro_id) 
		values('68','Tatuaggio nell`occhio','2018-07-02 10:00:00','2018-07-02 12:00:00','4');
insert into attivita(id, nome, orario_inizio, orario_fine, centro_id) 
		values('69','Massaggio con le pietre bollenti','2018-07-02 12:00:00','2018-07-02 14:00:00','4');
insert into attivita(id, nome, orario_inizio, orario_fine, centro_id) 
		values('70','Corso di trucco','2018-07-02 14:00:00','2018-07-02 16:00:00','4');
insert into attivita(id, nome, orario_inizio, orario_fine, centro_id) 
		values('71','Massaggio Greco-Romano','2018-07-02 16:00:00','2018-07-02 18:00:00','4');
insert into attivita(id, nome, orario_inizio, orario_fine, centro_id) 
		values('72','Estetista di base','2018-07-02 18:00:00','2018-07-02 20:00:00','4');
insert into attivita(id, nome, orario_inizio, orario_fine, centro_id) 
		values('73','Mettere l`eyeliner','2018-07-02 20:00:00','2018-07-02 22:00:00','4');


insert into attivita(id, nome, orario_inizio, orario_fine, centro_id) 
		values('74','Come impugnare il pettine','2018-07-01 08:00:00','2018-07-01 10:00:00','5');
insert into attivita(id, nome, orario_inizio, orario_fine, centro_id) 
		values('75','Il phon','2018-07-01 10:00:00','2018-07-01 12:00:00','5');
insert into attivita(id, nome, orario_inizio, orario_fine, centro_id) 
		values('76','Conosenza e uso dello shampoo','2018-07-01 12:00:00','2018-07-01 14:00:00','5');
insert into attivita(id, nome, orario_inizio, orario_fine, centro_id) 
		values('77','Massaggio cutaneo','2018-07-01 14:00:00','2018-07-01 16:00:00','5');
insert into attivita(id, nome, orario_inizio, orario_fine, centro_id) 
		values('78','Messa in piega','2018-07-01 16:00:00','2018-07-01 18:00:00','5');
insert into attivita(id, nome, orario_inizio, orario_fine, centro_id) 
		values('79','Permanente','2018-07-01 18:00:00','2018-07-01 20:00:00','5');
insert into attivita(id, nome, orario_inizio, orario_fine, centro_id) 
		values('80','Colore e tricologia','2018-07-01 20:00:00','2018-07-01 22:00:00','5');
insert into attivita(id, nome, orario_inizio, orario_fine, centro_id) 
		values('81','Decolorazione','2018-07-02 08:00:00','2018-07-02 10:00:00','5');
insert into attivita(id, nome, orario_inizio, orario_fine, centro_id) 
		values('82','Taglio e acconciatura','2018-07-02 10:00:00','2018-07-02 12:00:00','5');
insert into attivita(id, nome, orario_inizio, orario_fine, centro_id) 
		values('83','Lingua inglese per acconciatori','2018-07-02 12:00:00','2018-07-02 14:00:00','5');
insert into attivita(id, nome, orario_inizio, orario_fine, centro_id) 
		values('84','Meches','2018-07-02 14:00:00','2018-07-02 16:00:00','5');
insert into attivita(id, nome, orario_inizio, orario_fine, centro_id) 
		values('85','Preparazione, protezione, separazione e applicazione del colore','2018-07-02 16:00:00','2018-07-02 18:00:00','5');
insert into attivita(id, nome, orario_inizio, orario_fine, centro_id) 
		values('86','Chignon','2018-07-02 18:00:00','2018-07-02 20:00:00','5');
insert into attivita(id, nome, orario_inizio, orario_fine, centro_id) 
		values('87','Ricci fissi','2018-07-02 20:00:00','2018-07-02 22:00:00','5');
insert into attivita(id, nome, orario_inizio, orario_fine, centro_id) 
		values('88','Colpi di sole con pettine e con cuffia','2018-07-03 10:00:00','2018-07-03 12:00:00','5');
insert into attivita(id, nome, orario_inizio, orario_fine, centro_id) 
		values('89','Acconciature da sposa, da giorno e da sera','2018-07-03 12:00:00','2018-07-03 14:00:00','5');
insert into attivita(id, nome, orario_inizio, orario_fine, centro_id) 
		values('90','Nozioni di chimica, cosmetologia, igiene','2018-07-03 14:00:00','2018-07-03 16:00:00','5');
insert into attivita(id, nome, orario_inizio, orario_fine, centro_id) 
		values('91','Riflessanti temporanei di sintesi o vegetali','2018-07-03 16:00:00','2018-07-03 18:00:00','5');
insert into attivita(id, nome, orario_inizio, orario_fine, centro_id) 
		values('92','Applicazione del colore di copertura','2018-07-03 18:00:00','2018-07-03 20:00:00','5');
insert into attivita(id, nome, orario_inizio, orario_fine, centro_id) 
		values('93','Taglio forma piena, graduata, uniforme','2018-07-03 20:00:00','2018-07-03 22:00:00','5');


insert into attivita(id, nome, orario_inizio, orario_fine, centro_id) 
		values('94','Prelievo del sangue','2018-07-01 08:00:00','2018-07-01 10:00:00','6');
insert into attivita(id, nome, orario_inizio, orario_fine, centro_id) 
		values('95','AIDS','2018-07-01 10:00:00','2018-07-01 12:00:00','6');
insert into attivita(id, nome, orario_inizio, orario_fine, centro_id) 
		values('96','Come mettere le bende','2018-07-01 12:00:00','2018-07-01 14:00:00','6');
insert into attivita(id, nome, orario_inizio, orario_fine, centro_id) 
		values('97','Spalmare la crema','2018-07-01 14:00:00','2018-07-01 16:00:00','6');
insert into attivita(id, nome, orario_inizio, orario_fine, centro_id) 
		values('98','Fare le punture senza dolore','2018-07-01 16:00:00','2018-07-01 18:00:00','6');
insert into attivita(id, nome, orario_inizio, orario_fine, centro_id) 
		values('99','Mettere al letto un paziente','2018-07-01 18:00:00','2018-07-01 20:00:00','6');
insert into attivita(id, nome, orario_inizio, orario_fine, centro_id) 
		values('100','Cambiare le lenzuola','2018-07-01 20:00:00','2018-07-01 22:00:00','6');
insert into attivita(id, nome, orario_inizio, orario_fine, centro_id) 
		values('101','Igiene del corpo del malato','2018-07-02 08:00:00','2018-07-02 10:00:00','6');
insert into attivita(id, nome, orario_inizio, orario_fine, centro_id) 
		values('102','Colesterolo e trigliceridi','2018-07-02 10:00:00','2018-07-02 12:00:00','6');
insert into attivita(id, nome, orario_inizio, orario_fine, centro_id) 
		values('103','Glicemia: concentrazione di glucosio nel sangue','2018-07-02 12:00:00','2018-07-02 14:00:00','6');
insert into attivita(id, nome, orario_inizio, orario_fine, centro_id) 
		values('104','Olio di palma nelle flebo','2018-07-02 14:00:00','2018-07-02 16:00:00','6');
insert into attivita(id, nome, orario_inizio, orario_fine, centro_id) 
		values('105','I benefici dell`omeopatia','2018-07-02 16:00:00','2018-07-02 18:00:00','6');
insert into attivita(id, nome, orario_inizio, orario_fine, centro_id) 
		values('106','Dormire in sala operatoria','2018-07-02 18:00:00','2018-07-02 20:00:00','6');
insert into attivita(id, nome, orario_inizio, orario_fine, centro_id) 
		values('107','Cucire una ferita senza cucitrice','2018-07-02 20:00:00','2018-07-02 22:00:00','6');
insert into attivita(id, nome, orario_inizio, orario_fine, centro_id) 
		values('108','Girare il paziente nel letto','2018-07-03 10:00:00','2018-07-03 12:00:00','6');
insert into attivita(id, nome, orario_inizio, orario_fine, centro_id) 
		values('109','Lavaggio del paziente','2018-07-03 12:00:00','2018-07-03 14:00:00','6');
insert into attivita(id, nome, orario_inizio, orario_fine, centro_id) 
		values('110','Esami della coagulazione','2018-07-03 14:00:00','2018-07-03 16:00:00','6');
insert into attivita(id, nome, orario_inizio, orario_fine, centro_id) 
		values('111','Dormire in sala ambulatoria di notte','2018-07-03 16:00:00','2018-07-03 18:00:00','6');
insert into attivita(id, nome, orario_inizio, orario_fine, centro_id) 
		values('112','Libera professione di un infermiere','2018-07-03 18:00:00','2018-07-03 20:00:00','6');
insert into attivita(id, nome, orario_inizio, orario_fine, centro_id) 
		values('113','Vaccini, il male del ventunesimo secolo','2018-07-03 20:00:00','2018-07-03 22:00:00','6');


insert into attivita(id, nome, orario_inizio, orario_fine, centro_id) 
		values('114','Scippare una borsa','2018-07-01 08:00:00','2018-07-01 10:00:00','7');
insert into attivita(id, nome, orario_inizio, orario_fine, centro_id) 
		values('115','Scippare in metro','2018-07-01 10:00:00','2018-07-01 12:00:00','7');
insert into attivita(id, nome, orario_inizio, orario_fine, centro_id) 
		values('116','Forzare le serrature','2018-07-01 12:00:00','2018-07-01 14:00:00','7');
insert into attivita(id, nome, orario_inizio, orario_fine, centro_id) 
		values('117','Restituire il portafogli vuoto al proprietario derubato','2018-07-01 14:00:00','2018-07-01 16:00:00','7');
insert into attivita(id, nome, orario_inizio, orario_fine, centro_id) 
		values('118','Addormentare il prossimo','2018-07-01 16:00:00','2018-07-01 18:00:00','7');
insert into attivita(id, nome, orario_inizio, orario_fine, centro_id) 
		values('119','Ipnosi','2018-07-01 18:00:00','2018-07-01 20:00:00','7');
insert into attivita(id, nome, orario_inizio, orario_fine, centro_id) 
		values('120','Farsi voler bene dagli anziani','2018-07-01 20:00:00','2018-07-01 22:00:00','7');
insert into attivita(id, nome, orario_inizio, orario_fine, centro_id) 
		values('121','Fingersi idraulico','2018-07-02 08:00:00','2018-07-02 10:00:00','7');
insert into attivita(id, nome, orario_inizio, orario_fine, centro_id) 
		values('122','Findesi elettricista','2018-07-02 10:00:00','2018-07-02 12:00:00','7');
insert into attivita(id, nome, orario_inizio, orario_fine, centro_id) 
		values('123','Proporre un contratto con prezzo più basso','2018-07-02 12:00:00','2018-07-02 14:00:00','7');
insert into attivita(id, nome, orario_inizio, orario_fine, centro_id) 
		values('124','Derubare una banca','2018-07-02 14:00:00','2018-07-02 16:00:00','7');
insert into attivita(id, nome, orario_inizio, orario_fine, centro_id) 
		values('125','Chiudersi in una banca e stampare soldi','2018-07-02 16:00:00','2018-07-02 18:00:00','7');
insert into attivita(id, nome, orario_inizio, orario_fine, centro_id) 
		values('126','Prenotare un viaggio lontano da casa','2018-07-02 18:00:00','2018-07-02 20:00:00','7');
insert into attivita(id, nome, orario_inizio, orario_fine, centro_id) 
		values('127','Tiro al piattello','2018-07-02 20:00:00','2018-07-02 22:00:00','7');
insert into attivita(id, nome, orario_inizio, orario_fine, centro_id) 
		values('128','Proteggersi da spray al peperoncino','2018-07-03 10:00:00','2018-07-03 12:00:00','7');



insert into attivita(id, nome, orario_inizio, orario_fine, centro_id) 
		values('129','Sorprendere un ladro a scipare una borsa','2018-07-01 08:00:00','2018-07-01 10:00:00','8');
insert into attivita(id, nome, orario_inizio, orario_fine, centro_id) 
		values('130','Sorprendere un ladro a scippare in metro','2018-07-01 10:00:00','2018-07-01 12:00:00','8');
insert into attivita(id, nome, orario_inizio, orario_fine, centro_id) 
		values('131','Rinforzare le serrature','2018-07-01 12:00:00','2018-07-01 14:00:00','8');
insert into attivita(id, nome, orario_inizio, orario_fine, centro_id) 
		values('132','Usare la lente di ingrandimento','2018-07-01 14:00:00','2018-07-01 16:00:00','8');
insert into attivita(id, nome, orario_inizio, orario_fine, centro_id) 
		values('133','Indossare il cappello da detective','2018-07-01 16:00:00','2018-07-01 18:00:00','8');
insert into attivita(id, nome, orario_inizio, orario_fine, centro_id) 
		values('134','Leggere tanti libri','2018-07-01 18:00:00','2018-07-01 20:00:00','8');
insert into attivita(id, nome, orario_inizio, orario_fine, centro_id) 
		values('135','Scoprire un ladro','2018-07-01 20:00:00','2018-07-01 22:00:00','8');
insert into attivita(id, nome, orario_inizio, orario_fine, centro_id) 
		values('136','Scoprire un falso idraulico','2018-07-02 08:00:00','2018-07-02 10:00:00','8');
insert into attivita(id, nome, orario_inizio, orario_fine, centro_id) 
		values('137','Scoprire un falso elettricista','2018-07-02 10:00:00','2018-07-02 12:00:00','8');
insert into attivita(id, nome, orario_inizio, orario_fine, centro_id) 
		values('138','Analisi delle impronte digitali','2018-07-02 12:00:00','2018-07-02 14:00:00','8');
insert into attivita(id, nome, orario_inizio, orario_fine, centro_id) 
		values('139','Il tacquino del detective','2018-07-02 14:00:00','2018-07-02 16:00:00','8');
insert into attivita(id, nome, orario_inizio, orario_fine, centro_id) 
		values('140','L`attenzione ai dettagli','2018-07-02 16:00:00','2018-07-02 18:00:00','8');
insert into attivita(id, nome, orario_inizio, orario_fine, centro_id) 
		values('141','Ammanettare un ladro','2018-07-02 18:00:00','2018-07-02 20:00:00','8');
insert into attivita(id, nome, orario_inizio, orario_fine, centro_id) 
		values('142','Effettuare un`accusa','2018-07-02 20:00:00','2018-07-02 22:00:00','8');
insert into attivita(id, nome, orario_inizio, orario_fine, centro_id) 
		values('143','Vincere a Cluedo','2018-07-03 10:00:00','2018-07-03 12:00:00','8');




insert into attivita(id, nome, orario_inizio, orario_fine, centro_id) 
		values('144','Il pelo e la sua struttura','2018-07-01 08:00:00','2018-07-01 10:00:00','9');
insert into attivita(id, nome, orario_inizio, orario_fine, centro_id) 
		values('145','La differenza dei peli','2018-07-01 10:00:00','2018-07-01 12:00:00','9');
insert into attivita(id, nome, orario_inizio, orario_fine, centro_id) 
		values('146','Approccio con il cane','2018-07-01 12:00:00','2018-07-01 14:00:00','9');
insert into attivita(id, nome, orario_inizio, orario_fine, centro_id) 
		values('147','Pulizie igieniche','2018-07-01 14:00:00','2018-07-01 16:00:00','9');
insert into attivita(id, nome, orario_inizio, orario_fine, centro_id) 
		values('148','Bagno,asciugatura e spazzolatura dei vari tipi di pelo','2018-07-01 16:00:00','2018-07-01 18:00:00','9');
insert into attivita(id, nome, orario_inizio, orario_fine, centro_id) 
		values('149','Nodi e feltri','2018-07-01 18:00:00','2018-07-01 20:00:00','9');
insert into attivita(id, nome, orario_inizio, orario_fine, centro_id) 
		values('150','Gli strumenti di lavoro','2018-07-01 20:00:00','2018-07-01 22:00:00','9');
insert into attivita(id, nome, orario_inizio, orario_fine, centro_id) 
		values('151','Accorciare il pelo riccio','2018-07-02 08:00:00','2018-07-02 10:00:00','9');
insert into attivita(id, nome, orario_inizio, orario_fine, centro_id) 
		values('152','Accorciare il pelo liscio','2018-07-02 10:00:00','2018-07-02 12:00:00','9');
insert into attivita(id, nome, orario_inizio, orario_fine, centro_id) 
		values('153','Stripping, cos’è e come si fa?','2018-07-02 12:00:00','2018-07-02 14:00:00','9');
insert into attivita(id, nome, orario_inizio, orario_fine, centro_id) 
		values('154','Spaniel toelettatura','2018-07-02 14:00:00','2018-07-02 16:00:00','9');
insert into attivita(id, nome, orario_inizio, orario_fine, centro_id) 
		values('155','La differenza dei peli','2018-07-02 16:00:00','2018-07-02 18:00:00','9');
insert into attivita(id, nome, orario_inizio, orario_fine, centro_id) 
		values('156','Bagno,asciugatura e spazzolatura dei vari tipi di pelo','2018-07-02 18:00:00','2018-07-02 20:00:00','9');
insert into attivita(id, nome, orario_inizio, orario_fine, centro_id) 
		values('157','L`umore di un cane','2018-07-02 20:00:00','2018-07-02 22:00:00','9');
insert into attivita(id, nome, orario_inizio, orario_fine, centro_id) 
		values('158','Accarezzare un cane','2018-07-03 10:00:00','2018-07-03 12:00:00','9');



insert into attivita(id, nome, orario_inizio, orario_fine, centro_id) 
		values('159','Andare in bicicletta','2018-07-01 08:00:00','2018-07-01 10:00:00','10');
insert into attivita(id, nome, orario_inizio, orario_fine, centro_id) 
		values('160','Portare il motorino carico di lettere','2018-07-01 10:00:00','2018-07-01 12:00:00','10');
insert into attivita(id, nome, orario_inizio, orario_fine, centro_id) 
		values('161','Trovare l`indirizzo','2018-07-01 12:00:00','2018-07-01 14:00:00','10');
insert into attivita(id, nome, orario_inizio, orario_fine, centro_id) 
		values('162','Non farsi mordere dal cane','2018-07-01 14:00:00','2018-07-01 16:00:00','10');
insert into attivita(id, nome, orario_inizio, orario_fine, centro_id) 
		values('163','Tipi di lettere','2018-07-01 16:00:00','2018-07-01 18:00:00','10');
insert into attivita(id, nome, orario_inizio, orario_fine, centro_id) 
		values('164','Posta raccomandata','2018-07-01 18:00:00','2018-07-01 20:00:00','10');
insert into attivita(id, nome, orario_inizio, orario_fine, centro_id) 
		values('165','Posta prioritaria','2018-07-01 20:00:00','2018-07-01 22:00:00','10');
insert into attivita(id, nome, orario_inizio, orario_fine, centro_id) 
		values('166','Consegna di un pacco','2018-07-02 08:00:00','2018-07-02 10:00:00','10');
insert into attivita(id, nome, orario_inizio, orario_fine, centro_id) 
		values('167','Assicurazioni su un pacco','2018-07-02 10:00:00','2018-07-02 12:00:00','10');
insert into attivita(id, nome, orario_inizio, orario_fine, centro_id) 
		values('168','Andare in bicicletta','2018-07-02 12:00:00','2018-07-02 14:00:00','10');
insert into attivita(id, nome, orario_inizio, orario_fine, centro_id) 
		values('169','Posta raccomandata','2018-07-02 14:00:00','2018-07-02 16:00:00','10');
insert into attivita(id, nome, orario_inizio, orario_fine, centro_id) 
		values('170','Posta prioritaria','2018-07-02 16:00:00','2018-07-02 18:00:00','10');
insert into attivita(id, nome, orario_inizio, orario_fine, centro_id) 
		values('171','Croccantini per cani','2018-07-02 18:00:00','2018-07-02 20:00:00','10');
insert into attivita(id, nome, orario_inizio, orario_fine, centro_id) 
		values('172','L`umore di un cane','2018-07-02 20:00:00','2018-07-02 22:00:00','10');
insert into attivita(id, nome, orario_inizio, orario_fine, centro_id) 
		values('173','Accarezzare un cane','2018-07-03 10:00:00','2018-07-03 12:00:00','10');




insert into allievo(id, codice_fiscale, nome, cognome, email, luogo_nascita, data_nascita, telefono) 
	values('174', 'AAAAAAAAAAAAA', 'Giuseppe','Musso','super.mario@nintendo.com','Roma','1981-08-03','0101010101');
insert into allievo(id, codice_fiscale, nome, cognome, email, luogo_nascita, data_nascita, telefono) 
	values('175', 'BBBBBBBBBBBBB', 'Maria','Cerrato','super.mario@nintendo.com','Napoli','1981-08-03','0101010101');
insert into allievo(id, codice_fiscale, nome, cognome, email, luogo_nascita, data_nascita, telefono) 
	values('176', 'CCCCCCCCCCCCC', 'Andrea','Ferrero','super.mario@nintendo.com','Milano','1981-08-03','0101010101');
insert into allievo(id, codice_fiscale, nome, cognome, email, luogo_nascita, data_nascita, telefono) 
	values('177', 'DDDDDDDDDDDDD', 'Marco','Musso','super.mario@nintendo.com','Napoli','1981-08-03','0101010101');
insert into allievo(id, codice_fiscale, nome, cognome, email, luogo_nascita, data_nascita, telefono) 
	values('178', 'EEEEEEEEEEEEE', 'Alessandro','Bianco','super.mario@nintendo.com','Catania','1981-08-03','0101010101');
insert into allievo(id, codice_fiscale, nome, cognome, email, luogo_nascita, data_nascita, telefono) 
	values('179', 'FFFFFFFFFFFFF', 'Giuseppe','Rossi','super.mario@nintendo.com','Gaeta','1981-08-03','0101010101');
insert into allievo(id, codice_fiscale, nome, cognome, email, luogo_nascita, data_nascita, telefono) 
	values('181', 'GGGGGGGGGGGGG', 'Francesca','Conti','super.mario@nintendo.com','Frosinone','1981-08-03','0101010101');
insert into allievo(id, codice_fiscale, nome, cognome, email, luogo_nascita, data_nascita, telefono) 
	values('182', 'HHHHHHHHHHHHH', 'Giulia','Ravioli','super.mario@nintendo.com','Anzio','1981-08-03','0101010101');
insert into allievo(id, codice_fiscale, nome, cognome, email, luogo_nascita, data_nascita, telefono) 
	values('183', 'IIIIIIIIIIIII', 'Luigi','Gamba','super.mario@nintendo.com','Nettuno','1981-08-03','0101010101');
insert into allievo(id, codice_fiscale, nome, cognome, email, luogo_nascita, data_nascita, telefono) 
	values('184', 'JJJJJJJJJJJJJ', 'Lorenzo','Franco','super.mario@nintendo.com','Ancona','1981-08-03','0101010101');
insert into allievo(id, codice_fiscale, nome, cognome, email, luogo_nascita, data_nascita, telefono) 
	values('185', 'KKKKKKKKKKKKK', 'Elena','Musso','super.mario@nintendo.com','Savona','1981-08-03','0101010101');
insert into allievo(id, codice_fiscale, nome, cognome, email, luogo_nascita, data_nascita, telefono) 
	values('186', 'LLLLLLLLLLLLL', 'Paolo','Amerio','super.mario@nintendo.com','Milano','1981-08-03','0101010101');
insert into allievo(id, codice_fiscale, nome, cognome, email, luogo_nascita, data_nascita, telefono) 
	values('187', 'MMMMMMMMMMMMM', 'Giorgio','Rissone','super.mario@nintendo.com','Torino','1981-08-03','0101010101');
insert into allievo(id, codice_fiscale, nome, cognome, email, luogo_nascita, data_nascita, telefono) 
	values('188', 'NNNNNNNNNNNNN', 'Igor','Miti','super.mario@nintendo.com','Frosinone','1981-08-03','0101010101');
insert into allievo(id, codice_fiscale, nome, cognome, email, luogo_nascita, data_nascita, telefono) 
	values('189', 'OOOOOOOOOOOOO', 'Bianca','Farina','super.mario@nintendo.com','Firenze','1981-08-03','0101010101');
insert into allievo(id, codice_fiscale, nome, cognome, email, luogo_nascita, data_nascita, telefono) 
	values('190', 'PPPPPPPPPPPPP', 'Dina','Lampa','super.mario@nintendo.com','Viterbo','1981-08-03','0101010101');
insert into allievo(id, codice_fiscale, nome, cognome, email, luogo_nascita, data_nascita, telefono) 
	values('191', 'QQQQQQQQQQQQQ', 'Dario','Lampa','super.mario@nintendo.com','Gallipoli','1981-08-03','0101010101');
insert into allievo(id, codice_fiscale, nome, cognome, email, luogo_nascita, data_nascita, telefono) 
	values('192', 'RRRRRRRRRRRRR', 'Margherita','Pizza','super.mario@nintendo.com','Napoli','1981-08-03','0101010101');
insert into allievo(id, codice_fiscale, nome, cognome, email, luogo_nascita, data_nascita, telefono) 
	values('193', 'SSSSSSSSSSSSS', 'Smeralda','Costa','super.mario@nintendo.com','Cagliari','1981-08-03','0101010101');
insert into allievo(id, codice_fiscale, nome, cognome, email, luogo_nascita, data_nascita, telefono) 
	values('194', 'TTTTTTTTTTTTT', 'Felice','Nano','super.mario@nintendo.com','Terracina','1981-08-03','0101010101');
insert into allievo(id, codice_fiscale, nome, cognome, email, luogo_nascita, data_nascita, telefono) 
	values('195', 'WWWWWWWWWWWWW', 'Felice','Russo','super.mario@nintendo.com','Anzio','1981-08-03','0101010101');
insert into allievo(id, codice_fiscale, nome, cognome, email, luogo_nascita, data_nascita, telefono) 
	values('196', 'YYYYYYYYYYYYY', 'Felice','Mangione','super.mario@nintendo.com','Roma','1981-08-03','0101010101');
insert into allievo(id, codice_fiscale, nome, cognome, email, luogo_nascita, data_nascita, telefono) 
	values('197', 'ZZZZZZZZZZZZZ', 'Emiliana','Lasagna','super.mario@nintendo.com','Napoli','1981-08-03','0101010101');
insert into allievo(id, codice_fiscale, nome, cognome, email, luogo_nascita, data_nascita, telefono) 
	values('198', 'AAAAAAAAA1000', 'Gustavo','La Pasta','super.mario@nintendo.com','Caserta','1981-08-03','0101010101');
insert into allievo(id, codice_fiscale, nome, cognome, email, luogo_nascita, data_nascita, telefono) 
	values('199', 'BBBBBBBBB1000', 'Rosa','Foglio','super.mario@nintendo.com','Cavi di Lavagna','1981-08-03','0101010101');
insert into allievo(id, codice_fiscale, nome, cognome, email, luogo_nascita, data_nascita, telefono) 
	values('200', 'CCCCCCCCC1000', 'Azzurra','La scala','super.mario@nintendo.com','Grosseto','1981-08-03','0101010101');
insert into allievo(id, codice_fiscale, nome, cognome, email, luogo_nascita, data_nascita, telefono) 
	values('201', 'DDDDDDDDD1000', 'Santa','Pazienza','super.mario@nintendo.com','Marilleva','1981-08-03','0101010101');
insert into allievo(id, codice_fiscale, nome, cognome, email, luogo_nascita, data_nascita, telefono) 
	values('202', 'EEEEEEEEE1000', 'Bianco','Del Monte','super.mario@nintendo.com','L`Aquila','1981-08-03','0101010101');
insert into allievo(id, codice_fiscale, nome, cognome, email, luogo_nascita, data_nascita, telefono) 
	values('203', 'FFFFFFFFF1000', 'Rosa','Monte','super.mario@nintendo.com','Salò','1981-08-03','0101010101');
insert into allievo(id, codice_fiscale, nome, cognome, email, luogo_nascita, data_nascita, telefono) 
	values('204', 'GGGGGGGGG1000', 'Tranquilla','Piscia','super.mario@nintendo.com','Grosso','1981-08-03','0101010101');
insert into allievo(id, codice_fiscale, nome, cognome, email, luogo_nascita, data_nascita, telefono) 
	values('205', 'HHHHHHHHH1000', 'Guido','La barca','super.mario@nintendo.com','Bianchi','1981-08-03','0101010101');
insert into allievo(id, codice_fiscale, nome, cognome, email, luogo_nascita, data_nascita, telefono) 
	values('206', 'IIIIIIIII1000', 'Bambina','Gobba','super.mario@nintendo.com','Biella','1981-08-03','0101010101');
insert into allievo(id, codice_fiscale, nome, cognome, email, luogo_nascita, data_nascita, telefono) 
	values('207', 'BBBBBBBBB100J', 'Rosa','Spinosa','super.mario@nintendo.com','Bologna','1981-08-03','0101010101');
insert into allievo(id, codice_fiscale, nome, cognome, email, luogo_nascita, data_nascita, telefono) 
	values('208', 'BBBBBBBBB100A', 'Marino','Spargisale','super.mario@nintendo.com','Bolzano','1981-08-03','0101010101');
insert into allievo(id, codice_fiscale, nome, cognome, email, luogo_nascita, data_nascita, telefono) 
	values('209', 'BBBBBBBBB100B', 'Rosa','La fata','super.mario@nintendo.com','Pistoia','1981-08-03','0101010101');
insert into allievo(id, codice_fiscale, nome, cognome, email, luogo_nascita, data_nascita, telefono) 
	values('210', 'BBBBBBBBB1009', 'Franco','Forte','super.mario@nintendo.com','Brescia','1981-08-03','0101010101');
insert into allievo(id, codice_fiscale, nome, cognome, email, luogo_nascita, data_nascita, telefono) 
	values('211', 'BBBBBBBBB1010', 'Vera','Pagnotta','super.mario@nintendo.com','Bergamo','1981-08-03','0101010101');


insert into allievo_attivita_prenotate(attivita_prenotate_id,allievi_prenotati_id) values('21','202');
insert into allievo_attivita_prenotate(attivita_prenotate_id,allievi_prenotati_id) values('161','184');
insert into allievo_attivita_prenotate(attivita_prenotate_id,allievi_prenotati_id) values('31','195');
insert into allievo_attivita_prenotate(attivita_prenotate_id,allievi_prenotati_id) values('30','191');
insert into allievo_attivita_prenotate(attivita_prenotate_id,allievi_prenotati_id) values('151','190');
insert into allievo_attivita_prenotate(attivita_prenotate_id,allievi_prenotati_id) values('55','211');
insert into allievo_attivita_prenotate(attivita_prenotate_id,allievi_prenotati_id) values('16','206');
insert into allievo_attivita_prenotate(attivita_prenotate_id,allievi_prenotati_id) values('65','203');
insert into allievo_attivita_prenotate(attivita_prenotate_id,allievi_prenotati_id) values('144','179');
insert into allievo_attivita_prenotate(attivita_prenotate_id,allievi_prenotati_id) values('68','175');
insert into allievo_attivita_prenotate(attivita_prenotate_id,allievi_prenotati_id) values('103','185');
insert into allievo_attivita_prenotate(attivita_prenotate_id,allievi_prenotati_id) values('37','179');
insert into allievo_attivita_prenotate(attivita_prenotate_id,allievi_prenotati_id) values('34','187');
insert into allievo_attivita_prenotate(attivita_prenotate_id,allievi_prenotati_id) values('141','203');
insert into allievo_attivita_prenotate(attivita_prenotate_id,allievi_prenotati_id) values('85','181');
insert into allievo_attivita_prenotate(attivita_prenotate_id,allievi_prenotati_id) values('163','193');
insert into allievo_attivita_prenotate(attivita_prenotate_id,allievi_prenotati_id) values('131','190');
insert into allievo_attivita_prenotate(attivita_prenotate_id,allievi_prenotati_id) values('92','185');
insert into allievo_attivita_prenotate(attivita_prenotate_id,allievi_prenotati_id) values('37','185');
insert into allievo_attivita_prenotate(attivita_prenotate_id,allievi_prenotati_id) values('121','199');
insert into allievo_attivita_prenotate(attivita_prenotate_id,allievi_prenotati_id) values('124','208');
insert into allievo_attivita_prenotate(attivita_prenotate_id,allievi_prenotati_id) values('98','185');
insert into allievo_attivita_prenotate(attivita_prenotate_id,allievi_prenotati_id) values('51','192');
insert into allievo_attivita_prenotate(attivita_prenotate_id,allievi_prenotati_id) values('137','182');
insert into allievo_attivita_prenotate(attivita_prenotate_id,allievi_prenotati_id) values('81','188');
insert into allievo_attivita_prenotate(attivita_prenotate_id,allievi_prenotati_id) values('26','201');
insert into allievo_attivita_prenotate(attivita_prenotate_id,allievi_prenotati_id) values('15','178');
insert into allievo_attivita_prenotate(attivita_prenotate_id,allievi_prenotati_id) values('35','209');
insert into allievo_attivita_prenotate(attivita_prenotate_id,allievi_prenotati_id) values('105','174');
insert into allievo_attivita_prenotate(attivita_prenotate_id,allievi_prenotati_id) values('59','205');
insert into allievo_attivita_prenotate(attivita_prenotate_id,allievi_prenotati_id) values('173','194');
insert into allievo_attivita_prenotate(attivita_prenotate_id,allievi_prenotati_id) values('46','188');
insert into allievo_attivita_prenotate(attivita_prenotate_id,allievi_prenotati_id) values('75','205');
insert into allievo_attivita_prenotate(attivita_prenotate_id,allievi_prenotati_id) values('152','177');
insert into allievo_attivita_prenotate(attivita_prenotate_id,allievi_prenotati_id) values('161','176');
insert into allievo_attivita_prenotate(attivita_prenotate_id,allievi_prenotati_id) values('157','176');
insert into allievo_attivita_prenotate(attivita_prenotate_id,allievi_prenotati_id) values('51','206');
insert into allievo_attivita_prenotate(attivita_prenotate_id,allievi_prenotati_id) values('19','175');
insert into allievo_attivita_prenotate(attivita_prenotate_id,allievi_prenotati_id) values('161','204');
insert into allievo_attivita_prenotate(attivita_prenotate_id,allievi_prenotati_id) values('118','211');
insert into allievo_attivita_prenotate(attivita_prenotate_id,allievi_prenotati_id) values('123','184');
insert into allievo_attivita_prenotate(attivita_prenotate_id,allievi_prenotati_id) values('18','194');
insert into allievo_attivita_prenotate(attivita_prenotate_id,allievi_prenotati_id) values('132','202');
insert into allievo_attivita_prenotate(attivita_prenotate_id,allievi_prenotati_id) values('159','195');
insert into allievo_attivita_prenotate(attivita_prenotate_id,allievi_prenotati_id) values('34','207');
insert into allievo_attivita_prenotate(attivita_prenotate_id,allievi_prenotati_id) values('76','207');
insert into allievo_attivita_prenotate(attivita_prenotate_id,allievi_prenotati_id) values('148','192');
insert into allievo_attivita_prenotate(attivita_prenotate_id,allievi_prenotati_id) values('163','201');
insert into allievo_attivita_prenotate(attivita_prenotate_id,allievi_prenotati_id) values('153','194');
insert into allievo_attivita_prenotate(attivita_prenotate_id,allievi_prenotati_id) values('134','176');
insert into allievo_attivita_prenotate(attivita_prenotate_id,allievi_prenotati_id) values('162','192');
insert into allievo_attivita_prenotate(attivita_prenotate_id,allievi_prenotati_id) values('156','174');
insert into allievo_attivita_prenotate(attivita_prenotate_id,allievi_prenotati_id) values('81','184');
insert into allievo_attivita_prenotate(attivita_prenotate_id,allievi_prenotati_id) values('149','174');
insert into allievo_attivita_prenotate(attivita_prenotate_id,allievi_prenotati_id) values('97','200');
insert into allievo_attivita_prenotate(attivita_prenotate_id,allievi_prenotati_id) values('57','177');
insert into allievo_attivita_prenotate(attivita_prenotate_id,allievi_prenotati_id) values('136','177');
insert into allievo_attivita_prenotate(attivita_prenotate_id,allievi_prenotati_id) values('24','196');
insert into allievo_attivita_prenotate(attivita_prenotate_id,allievi_prenotati_id) values('136','182');
insert into allievo_attivita_prenotate(attivita_prenotate_id,allievi_prenotati_id) values('60','192');
insert into allievo_attivita_prenotate(attivita_prenotate_id,allievi_prenotati_id) values('86','176');
insert into allievo_attivita_prenotate(attivita_prenotate_id,allievi_prenotati_id) values('158','205');
insert into allievo_attivita_prenotate(attivita_prenotate_id,allievi_prenotati_id) values('53','195');
insert into allievo_attivita_prenotate(attivita_prenotate_id,allievi_prenotati_id) values('172','192');
insert into allievo_attivita_prenotate(attivita_prenotate_id,allievi_prenotati_id) values('35','181');
insert into allievo_attivita_prenotate(attivita_prenotate_id,allievi_prenotati_id) values('173','187');
insert into allievo_attivita_prenotate(attivita_prenotate_id,allievi_prenotati_id) values('27','187');
insert into allievo_attivita_prenotate(attivita_prenotate_id,allievi_prenotati_id) values('120','187');
insert into allievo_attivita_prenotate(attivita_prenotate_id,allievi_prenotati_id) values('74','196');
insert into allievo_attivita_prenotate(attivita_prenotate_id,allievi_prenotati_id) values('148','191');
insert into allievo_attivita_prenotate(attivita_prenotate_id,allievi_prenotati_id) values('33','191');
insert into allievo_attivita_prenotate(attivita_prenotate_id,allievi_prenotati_id) values('171','198');
insert into allievo_attivita_prenotate(attivita_prenotate_id,allievi_prenotati_id) values('116','206');
insert into allievo_attivita_prenotate(attivita_prenotate_id,allievi_prenotati_id) values('98','206');
insert into allievo_attivita_prenotate(attivita_prenotate_id,allievi_prenotati_id) values('44','200');
insert into allievo_attivita_prenotate(attivita_prenotate_id,allievi_prenotati_id) values('37','203');
insert into allievo_attivita_prenotate(attivita_prenotate_id,allievi_prenotati_id) values('103','210');
insert into allievo_attivita_prenotate(attivita_prenotate_id,allievi_prenotati_id) values('135','196');
insert into allievo_attivita_prenotate(attivita_prenotate_id,allievi_prenotati_id) values('83','179');
insert into allievo_attivita_prenotate(attivita_prenotate_id,allievi_prenotati_id) values('129','187');
insert into allievo_attivita_prenotate(attivita_prenotate_id,allievi_prenotati_id) values('28','202');
insert into allievo_attivita_prenotate(attivita_prenotate_id,allievi_prenotati_id) values('144','209');
insert into allievo_attivita_prenotate(attivita_prenotate_id,allievi_prenotati_id) values('131','187');
insert into allievo_attivita_prenotate(attivita_prenotate_id,allievi_prenotati_id) values('97','211');
insert into allievo_attivita_prenotate(attivita_prenotate_id,allievi_prenotati_id) values('69','200');
insert into allievo_attivita_prenotate(attivita_prenotate_id,allievi_prenotati_id) values('132','201');
insert into allievo_attivita_prenotate(attivita_prenotate_id,allievi_prenotati_id) values('32','202');
insert into allievo_attivita_prenotate(attivita_prenotate_id,allievi_prenotati_id) values('41','211');
insert into allievo_attivita_prenotate(attivita_prenotate_id,allievi_prenotati_id) values('31','188');
insert into allievo_attivita_prenotate(attivita_prenotate_id,allievi_prenotati_id) values('42','188');
insert into allievo_attivita_prenotate(attivita_prenotate_id,allievi_prenotati_id) values('142','176');
insert into allievo_attivita_prenotate(attivita_prenotate_id,allievi_prenotati_id) values('11','203');
insert into allievo_attivita_prenotate(attivita_prenotate_id,allievi_prenotati_id) values('172','188');
insert into allievo_attivita_prenotate(attivita_prenotate_id,allievi_prenotati_id) values('93','210');
insert into allievo_attivita_prenotate(attivita_prenotate_id,allievi_prenotati_id) values('125','177');
insert into allievo_attivita_prenotate(attivita_prenotate_id,allievi_prenotati_id) values('168','187');
insert into allievo_attivita_prenotate(attivita_prenotate_id,allievi_prenotati_id) values('98','210');
insert into allievo_attivita_prenotate(attivita_prenotate_id,allievi_prenotati_id) values('101','192');
insert into allievo_attivita_prenotate(attivita_prenotate_id,allievi_prenotati_id) values('160','211');
insert into allievo_attivita_prenotate(attivita_prenotate_id,allievi_prenotati_id) values('84','177');
insert into allievo_attivita_prenotate(attivita_prenotate_id,allievi_prenotati_id) values('11','182');
insert into allievo_attivita_prenotate(attivita_prenotate_id,allievi_prenotati_id) values('148','177');
insert into allievo_attivita_prenotate(attivita_prenotate_id,allievi_prenotati_id) values('131','174');
insert into allievo_attivita_prenotate(attivita_prenotate_id,allievi_prenotati_id) values('127','180');
insert into allievo_attivita_prenotate(attivita_prenotate_id,allievi_prenotati_id) values('145','196');
insert into allievo_attivita_prenotate(attivita_prenotate_id,allievi_prenotati_id) values('46','202');
insert into allievo_attivita_prenotate(attivita_prenotate_id,allievi_prenotati_id) values('94','200');
insert into allievo_attivita_prenotate(attivita_prenotate_id,allievi_prenotati_id) values('155','184');
insert into allievo_attivita_prenotate(attivita_prenotate_id,allievi_prenotati_id) values('50','178');
insert into allievo_attivita_prenotate(attivita_prenotate_id,allievi_prenotati_id) values('117','201');
insert into allievo_attivita_prenotate(attivita_prenotate_id,allievi_prenotati_id) values('52','209');
insert into allievo_attivita_prenotate(attivita_prenotate_id,allievi_prenotati_id) values('116','198');
insert into allievo_attivita_prenotate(attivita_prenotate_id,allievi_prenotati_id) values('156','202');
insert into allievo_attivita_prenotate(attivita_prenotate_id,allievi_prenotati_id) values('128','193');
insert into allievo_attivita_prenotate(attivita_prenotate_id,allievi_prenotati_id) values('168','174');
insert into allievo_attivita_prenotate(attivita_prenotate_id,allievi_prenotati_id) values('11','185');
insert into allievo_attivita_prenotate(attivita_prenotate_id,allievi_prenotati_id) values('58','175');
insert into allievo_attivita_prenotate(attivita_prenotate_id,allievi_prenotati_id) values('74','191');
insert into allievo_attivita_prenotate(attivita_prenotate_id,allievi_prenotati_id) values('83','178');
insert into allievo_attivita_prenotate(attivita_prenotate_id,allievi_prenotati_id) values('148','197');
insert into allievo_attivita_prenotate(attivita_prenotate_id,allievi_prenotati_id) values('131','183');
insert into allievo_attivita_prenotate(attivita_prenotate_id,allievi_prenotati_id) values('71','181');
insert into allievo_attivita_prenotate(attivita_prenotate_id,allievi_prenotati_id) values('61','190');
insert into allievo_attivita_prenotate(attivita_prenotate_id,allievi_prenotati_id) values('31','199');
insert into allievo_attivita_prenotate(attivita_prenotate_id,allievi_prenotati_id) values('59','194');
insert into allievo_attivita_prenotate(attivita_prenotate_id,allievi_prenotati_id) values('92','211');
insert into allievo_attivita_prenotate(attivita_prenotate_id,allievi_prenotati_id) values('88','201');
insert into allievo_attivita_prenotate(attivita_prenotate_id,allievi_prenotati_id) values('98','176');
insert into allievo_attivita_prenotate(attivita_prenotate_id,allievi_prenotati_id) values('92','197');
insert into allievo_attivita_prenotate(attivita_prenotate_id,allievi_prenotati_id) values('86','192');
insert into allievo_attivita_prenotate(attivita_prenotate_id,allievi_prenotati_id) values('30','205');
insert into allievo_attivita_prenotate(attivita_prenotate_id,allievi_prenotati_id) values('64','177');
insert into allievo_attivita_prenotate(attivita_prenotate_id,allievi_prenotati_id) values('90','199');
insert into allievo_attivita_prenotate(attivita_prenotate_id,allievi_prenotati_id) values('27','196');
insert into allievo_attivita_prenotate(attivita_prenotate_id,allievi_prenotati_id) values('91','195');
insert into allievo_attivita_prenotate(attivita_prenotate_id,allievi_prenotati_id) values('109','175');
insert into allievo_attivita_prenotate(attivita_prenotate_id,allievi_prenotati_id) values('149','191');
insert into allievo_attivita_prenotate(attivita_prenotate_id,allievi_prenotati_id) values('69','201');
insert into allievo_attivita_prenotate(attivita_prenotate_id,allievi_prenotati_id) values('100','194');
insert into allievo_attivita_prenotate(attivita_prenotate_id,allievi_prenotati_id) values('91','201');
insert into allievo_attivita_prenotate(attivita_prenotate_id,allievi_prenotati_id) values('147','182');
insert into allievo_attivita_prenotate(attivita_prenotate_id,allievi_prenotati_id) values('152','176');
insert into allievo_attivita_prenotate(attivita_prenotate_id,allievi_prenotati_id) values('61','188');
insert into allievo_attivita_prenotate(attivita_prenotate_id,allievi_prenotati_id) values('125','209');
insert into allievo_attivita_prenotate(attivita_prenotate_id,allievi_prenotati_id) values('165','175');
insert into allievo_attivita_prenotate(attivita_prenotate_id,allievi_prenotati_id) values('126','194');



ALTER SEQUENCE public.hibernate_sequence START WITH 212;

ALTER SEQUENCE public.hibernate_sequence RESTART;

